partID,sample_size
63627449,100
50802090,100
62729619,100
41654252,100
86851866,100
47224003,100
56617316,100
23480181,100
85272067,100
97981326,100
58246346,100
49420792,100
16824735,100
62878730,100
56910558,100
77726818,100
53562916,100
79605323,100
67320436,100
77549066,100
61721730,100
38905481,100
35874066,100
32262733,100
57529182,100
25044406,100
33876433,100
54226940,100
67019077,100
91960124,100
32716418,100
73870017,100
70922456,100
81176314,100
41899734,100
15979710,100
70580894,100
12942582,100
41977405,100
54466243,100
37572245,100
56383965,100
99925359,100
40435244,100
92201888,100
46404173,100
84650981,100
62756306,100
88330315,100
11708310,100
10998955,100
75863363,100
22292741,100
40694233,100
78999599,100
15331938,100
17237155,100
10669095,100
59816210,100
14847519,100
42072154,100
16509909,100
81441646,100
24802850,100
17406806,100
72459142,100
56213356,100
78887854,100
97148344,100
87186123,100
24211189,100
40542519,100
48161169,100
80502122,100
72176294,100
80174623,100
12138126,100
36268477,100
24724915,100
70390268,100
94949061,100
46809593,100
39495925,100
52549848,100
90691091,100
22272054,100
97649442,100
64242276,100
51772879,100
16283242,100
76165636,100
20831489,100
33737973,100
34007163,100
52205728,100
21792846,100
51720442,100
68061100,100
54294384,100
13835981,100
59720991,200
78173104,200
74937829,200
89311397,200
41084249,200
45404069,200
35738256,200
54209274,200
89139277,200
54582920,200
72870013,200
56999008,200
38336093,200
28599868,200
62252951,200
15437130,200
83178834,200
70706059,200
96670810,200
72467147,200
17636462,200
32725290,200
20831211,200
41895884,200
28081277,200
43140153,200
81848285,200
42960441,200
54441978,200
23980141,200
23999140,200
82689495,200
92438931,200
15204651,200
11390689,200
27790775,200
70351050,200
35742058,200
15316811,200
68857633,200
59823693,200
29640050,200
62473112,200
13169420,200
44471383,200
43928690,200
99440428,200
34000848,200
83867366,200
41752824,200
98653576,200
54157051,200
58066691,200
77722387,200
42159172,200
26530234,200
20151422,200
34688696,200
19013676,200
65618577,200
84203038,200
59627101,200
56466227,200
67075502,200
86868358,200
54298344,200
62152625,200
74684850,200
32148523,200
34123078,200
70965390,200
22264090,200
56962320,200
82082115,200
68506704,200
88464872,200
69322230,200
43379656,200
25156244,200
55699154,200
35407102,200
94592067,200
56095146,200
90908459,200
61380629,200
20635410,200
49730510,200
47077487,200
20210755,200
77928859,200
44095117,200
49469879,200
13461749,200
83730665,200
94087418,200
48037326,200
90023719,200
74550568,200
55295363,200
88007450,200
22255793,300
40733644,300
67075502,300
85181006,300
17853604,300
43140153,300
73426887,300
32363935,300
20210755,300
53900916,300
40542546,300
88456300,300
40497959,300
12428410,300
50465248,300
65364556,300
58796116,300
66890475,300
92906563,300
68875269,300
34496562,300
83616780,300
32148523,300
83204980,300
35835645,300
97044880,300
72490941,300
96426580,300
36618657,300
82505537,300
40945926,300
20755211,300
65321878,300
15437130,300
45795169,300
67305036,300
11717897,300
74550568,300
40408823,300
59823693,300
24436120,300
74811093,300
70525070,300
44471383,300
77289433,300
49477708,300
77120420,300
10670862,300
10181341,300
29915985,300
52183546,300
44419556,300
98889977,300
83867366,300
91397554,300
28019438,300
54894717,300
80486290,300
11659791,300
55164244,300
46725413,300
95103515,300
68554151,300
41328523,300
69331535,300
62398223,300
52433601,300
88007450,300
41614097,300
45664076,300
56059923,300
70328357,300
22837508,300
24316171,300
88811466,300
79574885,300
28863716,300
67221465,300
14903293,300
35426847,300
95760736,300
76236786,300
71564842,300
90297419,300
65852852,300
72963512,300
94592067,300
36551840,300
12111018,300
61994444,300
18610650,300
55779439,300
27790775,300
90603839,300
30576094,300
29856893,300
86833718,300
27041200,300
26883069,300
95328366,300
36433313,300
55192742,300
65425723,300
40082831,300
98726232,300
21085861,300
27047556,300
68705957,300
13946150,300
43056996,300
10904270,300
57468296,300
17661094,300
63285384,300
35820728,300
44206489,300
55412878,300
88819334,300
12483965,300
79618010,300
94689850,300
53151261,300
96069276,300
93776773,300
96924969,300
48648482,300
33201404,300
89977939,300
87112068,300
28900889,300
68506704,300
21713946,300
98173903,300
20501522,300
35734397,300
58097551,300
17359263,300
91440481,300
76093514,300
27560026,300
71538021,300
16687093,300
44695948,300
68987810,300
22904404,300
90176198,300
79944837,300
96627831,300
66469179,300
24250104,300
26287537,300
45141465,300
20106780,300
18595102,300
46389282,300
63694961,300
76192219,300
49945991,300
71855380,300
40824269,300
97200111,300
81003569,300
10092748,300
23980141,300
88980909,300
49285059,300
30381352,300
72741472,300
85925584,300
72394708,300
76268713,300
42960441,300
86807149,300
60326092,300
70199255,300
64743914,300
32725290,300
83632428,300
21301686,300
37884711,300
53297562,300
98653576,300
27743568,300
41374261,300
56654200,300
66625947,300
53004976,300
69028491,300
19851970,300
61226031,300
19883708,300
97096867,300
33169488,300
93703916,300
11390689,300
88903080,300
43791558,300
72845561,300
13461749,300
82368095,300
48446447,400
15898793,400
71564842,400
56654200,400
12645200,400
76268713,400
94963561,400
76490119,400
98173903,400
77289433,400
58913350,400
60418718,400
63217023,400
40945926,400
45276419,400
26458554,400
23121994,400
53069212,400
59627101,400
23999140,400
41490870,400
62270097,400
19113653,400
20635410,400
22264090,400
47077487,400
71721557,400
30370553,400
79944837,400
55277649,400
29856893,400
36421566,400
79924556,400
33982536,400
12397215,400
26534356,400
34440096,400
18111302,400
73039205,400
78173104,400
44877433,400
34726473,400
68777077,400
99024207,400
65704329,400
77313888,400
38183834,400
54618811,400
41614097,400
71183716,400
92906563,400
69214566,400
86441434,400
94363814,400
13211126,400
41467866,400
71894412,400
74750711,400
36238848,400
76225568,400
59823693,400
95881186,400
14903293,400
34390645,400
63004563,400
26883069,400
52328683,400
69951834,400
41328523,400
11609688,400
61661369,400
41084249,400
67075502,400
82952094,400
90679274,400
93138767,400
90176198,400
75573483,400
43791558,400
68857633,400
51279120,400
13169420,400
64887182,400
55164244,400
49730510,400
65239221,400
19191494,400
88007450,400
40542546,400
15979437,400
38164284,400
58472236,400
30006367,400
10670862,400
63446585,400
34496562,400
14024491,400
80187390,400
47138507,400
55699154,400
99754236,400
78038895,400
49295397,400
48504475,400
61081291,400
27743780,400
28900889,400
31049837,400
89403146,400
84203038,400
54713132,400
12157740,400
53814335,400
66597740,400
29778056,400
52461713,400
28288231,400
41107751,400
73102056,400
33169488,400
15121427,400
84156806,400
34688696,400
20106780,400
65236322,400
40082831,400
28019438,400
44095117,400
64484517,400
38336093,400
77794156,400
86807149,400
28863716,400
96627831,400
24871846,400
80006883,400
25156244,400
86868358,400
68987810,400
57151521,400
91440481,400
67092593,400
16281127,400
70046100,400
77722387,400
60330215,400
18513076,400
41819366,400
37792017,400
67901616,400
40497959,400
39201537,400
52222534,400
81012350,400
11331872,400
28808983,400
18904062,400
90297419,400
80092691,400
91819853,400
86414223,400
91221220,400
60392996,400
27743568,400
26287537,400
56107568,400
92737249,400
13357561,400
72870013,400
74733791,400
44471383,400
95890516,400
46162700,400
11010546,400
32641954,400
55409330,400
58071382,400
59720991,400
94102823,400
63285384,400
52063756,400
26779935,400
76917568,400
79618010,400
10856261,400
97710976,400
44419556,400
54363276,400
59952035,400
74684850,400
35738256,400
28081277,400
25096960,400
32648968,400
82082115,400
13317608,400
62152625,400
49469879,400
38917614,400
89977939,400
64743914,400
15316811,400
69028491,400
60956106,400
59770325,400
60152338,400
69139430,400
89169457,400
32695087,400
57595963,400
42625283,400
20501522,400
29895761,400
68506704,400
78844703,400
77120420,400
74038495,400
49477708,400
88227507,400
23874702,400
94993301,400
68705957,400
18595102,400
22567403,400
21181806,400
52071394,400
88535674,400
17523206,400
82686820,400
94290126,400
54441978,400
33737091,400
82597918,400
49945991,400
91397554,400
44624901,400
77293635,400
86833718,400
76678765,400
17731717,400
16687093,400
30519718,400
86987659,400
98653576,400
11051268,400
55295363,400
53900916,400
75816785,400
45825541,400
74142688,400
63415523,400
69945229,400
59541131,400
83890920,400
12876259,400
87764470,400
79180396,400
28281303,400
25015829,400
37515110,400
15585840,400
53012296,400
17180250,400
64920449,400
55192742,400
94613350,400
75686319,400
93370721,400
19744521,400
67221465,400
70798705,400
92635212,400
83632428,400
93835574,400
12428410,400
92438931,400
91907499,400
56802740,400
38661327,400
85636664,400
22837508,400
87783488,400
66095484,400
30043422,400
29186730,400
54298344,400
26985971,400
29630890,400
76731921,400
79242083,400
95449643,400
70641821,400
58613521,400
18775629,400
41374261,400
32725290,400
69331535,400
19862158,400
16016222,400
90871864,400
29778056,500
58071382,500
13317608,500
65236322,500
93415065,500
69139430,500
40418054,500
68298602,500
41614097,500
33169488,500
43140153,500
30211207,500
24316171,500
38183834,500
37884711,500
29630890,500
38164284,500
63190522,500
98653576,500
83178834,500
93835574,500
53069212,500
71962579,500
56059923,500
30370553,500
59521466,500
91819853,500
67655354,500
73743376,500
87459515,500
23121994,500
11925747,500
57272341,500
68705957,500
99506979,500
64530262,500
68777077,500
44206489,500
95890516,500
28825165,500
47077487,500
19113653,500
17661094,500
87783488,500
56999008,500
14024491,500
53297562,500
38038172,500
52063756,500
13169420,500
70644771,500
31049837,500
68875269,500
49820591,500
83618524,500
84526350,500
68469803,500
15545914,500
40320712,500
63457088,500
84788990,500
32641954,500
62398223,500
70707779,500
55164244,500
55631467,500
22445007,500
59308526,500
25033845,500
71538021,500
19883708,500
98699387,500
48504475,500
39619411,500
62252951,500
82692701,500
87282590,500
52097077,500
86807149,500
28900889,500
83731523,500
56107568,500
83730665,500
71183716,500
34440096,500
71564842,500
64920449,500
45795169,500
18111302,500
85632875,500
87204734,500
24700354,500
88903080,500
26197707,500
36618657,500
80984008,500
78445701,500
37757151,500
82187089,500
36421566,500
90603839,500
61354061,500
51247000,500
61226031,500
95860891,500
18449061,500
23140505,500
16016222,500
91088063,500
63446585,500
36946783,500
10463558,500
98726232,500
91221220,500
95328366,500
47727701,500
18610650,500
20755211,500
78009718,500
56466227,500
80901119,500
36238848,500
73270347,500
97418554,500
35426847,500
65239221,500
71584532,500
58613521,500
36433313,500
20588697,500
79585888,500
49469879,500
40497959,500
67115942,500
11609688,500
77289433,500
18513076,500
70525070,500
46752354,500
42625283,500
96069276,500
82593660,500
78738764,500
90176198,500
41939487,500
59379959,500
93370721,500
68817888,500
88811466,500
42840058,500
22255793,500
89018364,500
41328523,500
34496562,500
10966863,500
72490941,500
27790775,500
58796116,500
21713946,500
55528870,500
51279120,500
88980909,500
19191494,500
81012350,500
89977939,500
68857633,500
84806590,500
54298344,500
65699015,500
37240611,500
83632428,500
60956106,500
30291580,500
78629494,500
65966759,500
60418718,500
53004976,500
55412878,500
69945229,500
33982536,500
26534356,500
79851002,500
92098244,500
32511634,500
51112041,500
35738256,500
70031357,500
17853604,500
77722387,500
80092691,500
95390519,500
28019438,500
23874702,500
30006367,500
27011024,500
39201537,500
40281367,500
57767237,500
47949336,500
57595963,500
66625947,500
52222534,500
34726473,500
64743914,500
29091592,500
74561594,500
98147545,500
92487237,500
75410316,500
90297419,500
99440428,500
88196988,500
75034278,500
37792017,500
88535674,500
99024207,500
61992013,500
72638016,500
94102823,500
15121427,500
43928690,500
26530234,500
14903293,500
73471503,500
75126407,500
72741472,500
84156806,500
24250104,500
54894717,500
43848691,500
45141465,500
54618811,500
34728627,500
21301686,500
82082115,500
92635212,500
19557274,500
83867366,500
51142382,500
44471383,500
25156244,500
82172492,500
29204655,500
94689850,500
21946969,500
18775629,500
17180250,500
10904270,500
63004563,500
70641821,500
74733791,500
83724738,500
47138507,500
30381352,500
23793463,500
98630759,500
58949771,500
13946150,500
26779935,500
82505537,500
41895884,500
38336093,500
92682071,500
36843691,500
73426887,500
17731717,500
41474847,500
52183546,500
91440481,500
62681291,500
66890475,500
69178184,500
36551840,500
40573434,500
92280780,500
43056996,500
38867503,500
49730510,500
43892492,500
11372951,500
48037326,500
40824269,500
40945926,500
19013676,500
61845100,500
28671043,500
11331872,500
98736839,500
98173903,500
93138767,500
79290822,500
32561264,500
95760736,500
73039205,500
28288231,500
69409177,500
22425505,500
22311581,500
78173104,500
48648482,500
55192742,500
12645200,500
62270097,500
72102007,500
78968298,500
43018341,500
86414223,500
15898793,500
35407102,500
55464460,500
41752824,500
90767434,500
67075502,500
17359263,500
67901616,500
19744521,500
79586808,500
34390645,500
83170773,500
99944880,500
61081291,500
41270529,500
54209274,500
94514529,500
72870013,500
48190565,500
67221465,500
60392996,500
18595102,500
80187390,500
45706401,500
82686820,500
27041200,500
21157246,500
91907499,500
25015829,500
82952094,500
38917614,500
75816785,500
39040616,500
90023719,500
20635410,500
30625736,500
40542546,500
15385771,500
49285059,500
94363814,500
77120420,500
26458554,500
75573483,500
29856893,500
64210665,500
69028491,500
26048904,500
90871864,500
99033787,500
74550568,500
29640050,500
56198158,500
65364556,500
16687093,500
18607291,500
96627831,500
59609276,500
60152338,500
39292371,500
66095484,500
52071394,500
58913350,500
52433601,500
17636462,500
63694961,500
82597918,500
59757912,500
78072732,500
74811093,500
77293635,500
20270169,500
28081277,500
63618667,500
59541131,500
71855380,500
41617876,500
12428410,500
95881186,500
60330215,500
35734397,500
55295363,500
68987810,500
81848285,500
94290126,500
20831211,500
11659791,500
61661369,500
27637402,500
76731921,500
72963512,500
11545207,500
63415523,500
64423195,500
83632428,600
25015829,600
60956106,600
14024491,600
89311397,600
16687093,600
92906563,600
67901616,600
23985235,600
77824374,600
10463558,600
53207172,600
40408823,600
53900916,600
15437130,600
52433601,600
72741472,600
72268438,600
32403350,600
97860649,600
63217023,600
82597918,600
80901119,600
24436120,600
36875281,600
41939487,600
92372749,600
20501522,600
29895761,600
73786744,600
78038895,600
74937829,600
64743914,600
71962579,600
11372951,600
35835645,600
11631264,600
37528422,600
11010546,600
72394708,600
44916592,600
76678765,600
15385771,600
75126407,600
29186730,600
58796116,600
30006367,600
97096867,600
92737249,600
45276419,600
75410316,600
87105617,600
47077487,600
43379656,600
12211745,600
35742058,600
13488053,600
94689850,600
74561594,600
66095484,600
55779439,600
31155613,600
17359263,600
79586808,600
45141465,600
86441434,600
61994444,600
91819853,600
20106780,600
45795169,600
12876259,600
56802740,600
22311581,600
37635052,600
49730510,600
63618667,600
77312657,600
52666535,600
33169488,600
77566413,600
88588876,600
76579783,600
15585840,600
14903293,600
47138507,600
71511968,600
89221318,600
39201537,600
18598612,600
55631467,600
53304966,600
90679274,600
43056996,600
86568107,600
37240611,600
10856261,600
65000707,600
85925584,600
69486435,600
12418187,600
36238848,600
54363276,600
85636664,600
83730665,600
52328683,600
91336997,600
70965390,600
70525070,600
88093652,600
54582920,600
39203413,600
52071394,600
35391234,600
82952094,600
35820728,600
84788990,600
18513076,600
73039205,600
13131614,600
70783394,600
89018364,600
19557274,600
13079517,600
21713946,600
34728627,600
68817888,600
69791086,600
63446585,600
52470878,600
93564278,600
74038495,600
65699015,600
83867366,600
30631482,600
55164244,600
95328366,600
20038333,600
74550568,600
34726473,600
70351050,600
41474847,600
28081277,600
58071382,600
36423008,600
30291580,600
83271381,600
29091592,600
39153002,600
13461749,600
88535674,600
32363935,600
99024207,600
42231924,600
40082831,600
45706401,600
34688696,600
80984008,600
61081291,600
44695948,600
11609688,600
46726662,600
36618657,600
28671043,600
19650161,600
60326092,600
25033845,600
92682071,600
77492315,600
87459515,600
24871846,600
10796470,600
84156806,600
99506979,600
17523206,600
85502946,600
69178184,600
26197707,600
18449061,600
23793463,600
40418054,600
19296629,600
45252340,600
20151422,600
32725290,600
61226031,600
81003569,600
22904404,600
37515110,600
89169457,600
27011024,600
98173903,600
87236366,600
70798705,600
68298602,600
46162700,600
87145597,600
55699154,600
78173104,600
80486290,600
79290822,600
70706059,600
43791558,600
30211207,600
76268713,600
12157740,600
75686319,600
51112041,600
93835574,600
28599868,600
66939059,600
94087418,600
39040616,600
72778223,600
95860891,600
51455126,600
98630759,600
46419345,600
28932973,600
73664187,600
53589460,600
36946783,600
66839185,600
57580000,600
73619889,600
32648968,600
10452422,600
30576094,600
26534356,600
27320564,600
71584532,600
19862158,600
50270483,600
43892492,600
94742790,600
31049837,600
64423195,600
62152625,600
65226380,600
93776773,600
64210665,600
72963512,600
17116861,600
76265545,600
32723065,600
52063756,600
92098244,600
41467866,600
72870013,600
15121427,600
67075502,600
13966831,600
72581549,600
48190565,600
27743780,600
40573434,600
62473112,600
59720991,600
98147545,600
56095146,600
86833718,600
55192742,600
61354061,600
22264090,600
40320712,600
49295397,600
69409177,600
34263940,600
41328523,600
92487237,600
10966863,600
70641821,600
23980141,600
41084249,600
82505537,600
19851970,600
68857633,600
51279120,600
87282590,600
62270097,600
53806604,600
30043422,600
79242083,600
71538021,600
92438931,600
97200111,600
41460551,600
30519718,600
22255793,600
62252951,600
56727509,600
94102823,600
90767434,600
90804039,600
64795827,600
57468296,600
76490119,600
83890920,600
53012296,600
77289433,600
91907499,600
37792017,600
36551840,600
74968588,600
24179502,600
33602703,600
65852852,600
63004563,600
90764034,600
78385945,600
73925488,600
61294211,600
26779935,600
99754236,600
99567459,600
19013676,600
98889977,600
28982752,600
68875269,600
67092593,600
27411237,600
68987810,600
15545914,600
41617876,600
41374261,600
59521466,600
29856893,600
16906699,600
34315648,600
37480222,600
42707260,600
69951834,600
93415065,600
72845561,600
73671363,600
38661327,600
45825541,600
16204381,600
94592067,600
82593660,600
35738256,600
63457088,600
83170773,600
22445007,600
16281127,600
42840058,600
59322703,600
65906652,600
28900889,600
63694961,600
13946150,600
89977939,600
69331535,600
38164284,600
73426887,600
55528870,600
17180250,600
95890516,600
62398223,600
60121895,600
93370721,600
41490870,600
65966759,600
65364556,600
36843691,600
21181806,600
56032122,600
78968298,600
41270529,600
41895884,600
97710976,600
72709560,600
76192219,600
61380629,600
42159172,600
72490941,600
67115942,600
59541131,600
59757912,600
68506704,600
19168921,600
65704329,600
25327766,600
79574885,600
37757151,600
92945127,600
59627101,600
80187390,600
40090435,600
45404069,600
27560026,600
34780016,600
39768787,600
63415523,600
72885845,600
30625736,600
36310889,600
84806590,600
58949771,600
33201404,600
39619411,600
56466227,600
77120420,600
42625283,600
82692701,600
41752824,600
20831211,600
70644771,600
29915985,600
82547488,600
30370553,600
68554151,600
56198158,600
23121994,600
58613521,600
17853604,600
90023719,600
31678003,600
35111401,600
11717897,600
55412878,600
24316171,600
32695087,600
95401945,600
88227507,600
91440481,600
90603839,600
20533087,600
51142382,600
55464460,600
87764470,600
47574555,600
86839791,600
94290126,600
72467147,600
54787750,600
40281367,600
39292371,600
83724738,600
94363814,600
44471383,600
29630890,600
37884711,600
79180396,600
68705957,600
19883708,600
20270169,600
86868358,600
22837508,600
26458554,600
74678619,600
80092691,600
20564348,600
82689495,600
52222534,600
75324499,600
53151261,600
78738764,600
60330215,600
79924556,600
96924969,600
95103515,600
35523113,600
21157246,600
57272341,600
56999008,600
79585888,600
44729208,600
14585292,600
28825165,600
64029823,600
26048904,600
55409330,600
59438939,600
55277649,600
76236786,600
18775629,600
34000848,600
48307609,600
35343885,600
10904270,600
54618811,600
64530262,600
77313888,600
91397554,600
34496562,600
18595102,600
96426580,600
29778056,600
28288231,600
91221220,600
83178834,600
16880593,600
12111018,600
46725413,600
76322463,600
88980909,600
76736815,600
77293635,600
98381390,600
34500041,600
26985971,700
28288231,700
96627831,700
55464460,700
17731717,700
61661369,700
83724738,700
76490119,700
34780016,700
33169488,700
70199255,700
31678003,700
79586808,700
37884711,700
69409177,700
89403146,700
65425723,700
19862158,700
60330215,700
94963561,700
35835645,700
83178834,700
10796470,700
29186730,700
32641954,700
87112068,700
83204980,700
37635052,700
73102056,700
59521466,700
54441978,700
90764034,700
95769831,700
20533087,700
54363276,700
34184704,700
27411237,700
77928859,700
32648968,700
94514529,700
30043422,700
92098244,700
87236366,700
67901616,700
95644652,700
66625947,700
68469803,700
41107751,700
82807753,700
95103515,700
27560026,700
39089663,700
66839185,700
76236786,700
78038895,700
88196988,700
93530462,700
15979437,700
50465248,700
70783394,700
79242083,700
71584532,700
72870013,700
36421566,700
72102007,700
38867503,700
67221465,700
82686820,700
72467147,700
10452422,700
83867366,700
67115942,700
54713132,700
27011024,700
11331872,700
19113653,700
54144805,700
26458554,700
47138507,700
54582920,700
98736839,700
70641821,700
49415273,700
53900916,700
68748979,700
99567459,700
79290822,700
24179502,700
69791086,700
87459515,700
43892492,700
12418187,700
11659791,700
69322230,700
13357561,700
41374261,700
82597918,700
65906652,700
30006367,700
19650161,700
82505537,700
19191494,700
92635212,700
59757912,700
74937829,700
74750711,700
17180250,700
55699154,700
40418054,700
17523206,700
35391234,700
32725290,700
53297562,700
25161950,700
82368095,700
13946150,700
94993301,700
30519718,700
87204734,700
16906699,700
57468296,700
29204655,700
95118470,700
28808983,700
25156244,700
16687093,700
44916592,700
79900360,700
62152625,700
74038495,700
16204381,700
84203038,700
15437130,700
20588697,700
56032122,700
37528422,700
15385771,700
52470878,700
46419345,700
35734397,700
69178184,700
74678619,700
27743568,700
75410316,700
75602106,700
53069212,700
74811093,700
76268713,700
19296629,700
36238848,700
28863716,700
19064020,700
59720991,700
18336996,700
66597740,700
99754236,700
59770325,700
55409330,700
41460551,700
67305036,700
35742058,700
46162700,700
46752354,700
86402886,700
54879275,700
50270483,700
56466227,700
44206489,700
75126407,700
76579783,700
15898793,700
14585292,700
23874702,700
24871846,700
65239221,700
58066691,700
63004563,700
13167330,700
23793463,700
60611925,700
95401945,700
71962579,700
12157740,700
59823693,700
28932973,700
72741472,700
66890475,700
58796116,700
46389282,700
63285384,700
60392996,700
79924556,700
29630890,700
47727701,700
48190565,700
82187089,700
98699387,700
21181806,700
47590287,700
19168921,700
57904483,700
21085861,700
25327766,700
91056650,700
22904404,700
10181341,700
98630759,700
18904062,700
24250104,700
91819853,700
61902918,700
34500041,700
98147545,700
91397554,700
69486435,700
11609688,700
53151261,700
56059923,700
68777077,700
83618524,700
15545914,700
60418718,700
17853604,700
63694961,700
79180396,700
70525070,700
64029823,700
78629494,700
65618577,700
12211745,700
79585888,700
68554151,700
74550568,700
85925584,700
64210665,700
57151521,700
60121895,700
22445007,700
70707779,700
52433601,700
32403350,700
61226031,700
22425505,700
93370721,700
89719858,700
86987659,700
20501522,700
34390645,700
90804039,700
88811466,700
20270169,700
43018341,700
68817888,700
80092691,700
15585840,700
46725413,700
43928690,700
73671363,700
88980909,700
16880593,700
96069276,700
82952094,700
17359263,700
88227507,700
76731921,700
49285059,700
21157246,700
32905833,700
29895761,700
46726662,700
85826709,700
57595963,700
61081291,700
55779439,700
40320712,700
33982536,700
73039205,700
95760736,700
28982752,700
52097077,700
85636664,700
74968588,700
90908459,700
68987810,700
97710976,700
34688696,700
93835574,700
56999008,700
88007450,700
41270529,700
93138767,700
36997838,700
68705957,700
61994444,700
21946969,700
18775629,700
22255793,700
44729208,700
94087418,700
33602703,700
89018364,700
92487237,700
53589460,700
76093514,700
58913350,700
40824269,700
65226380,700
32723065,700
92737249,700
63190522,700
61294211,700
14903293,700
99033787,700
21171864,700
18607291,700
80901119,700
70328357,700
90297419,700
61380629,700
11717897,700
92372749,700
85632875,700
28599868,700
11545207,700
89169457,700
18595102,700
41617876,700
68875269,700
93415065,700
36551840,700
65321878,700
36875281,700
82172492,700
59541131,700
11010546,700
70031357,700
62252951,700
16016222,700
75324499,700
28019438,700
77722387,700
42231924,700
45795169,700
57580000,700
98173903,700
88819334,700
59438939,700
76192219,700
94592067,700
31155613,700
65966759,700
70706059,700
62405238,700
29915985,700
82593660,700
91440481,700
39153002,700
55631467,700
58071382,700
30370553,700
88456300,700
95890516,700
23985235,700
17661094,700
76322463,700
47077487,700
27041200,700
26048904,700
95390519,700
75686319,700
41467866,700
17116861,700
35111401,700
97200111,700
60326092,700
76265545,700
73925488,700
76736815,700
67092593,700
26287537,700
33566714,700
67655354,700
77607097,700
10463558,700
29640050,700
25015829,700
95328366,700
65704329,700
56727509,700
64920449,700
66095484,700
78738764,700
58613521,700
61001932,700
44095117,700
92438931,700
36615353,700
20831211,700
44419556,700
77293635,700
59118863,700
57802610,700
48504475,700
41614097,700
80187390,700
55412878,700
44471383,700
86839791,700
83170773,700
20771213,700
85181006,700
82082115,700
90679274,700
81003569,700
78968298,700
30631482,700
49477708,700
12397215,700
68506704,700
26534356,700
10291599,700
64423195,700
45276419,700
27047556,700
48037326,700
76678765,700
77312657,700
54787750,700
54552603,700
61992013,700
69951834,700
78844703,700
88093652,700
95881186,700
59379959,700
74561594,700
26530234,700
54298344,700
53012296,700
22264090,700
13079517,700
94742790,700
75573483,700
47757449,700
75816785,700
78072732,700
47081011,700
35949630,700
44624901,700
83616780,700
43791558,700
34315648,700
51112041,700
23438826,700
58472236,700
31049837,700
44877433,700
21713946,700
85502946,700
83890920,700
51279120,700
59609276,700
23999140,700
30381352,700
10904270,700
49730510,700
98726232,700
56654200,700
38661327,700
18111302,700
35820728,700
23980141,700
28825165,700
35738256,700
72638016,700
40573434,700
70965390,700
30443275,700
80984008,700
56107568,700
76225568,700
20106780,700
63618667,700
34496562,700
42707260,700
58949771,700
92906563,700
55573330,700
86868358,700
90176198,700
30211207,700
86833718,700
58218682,700
70798705,700
92806659,700
19744521,700
24021933,700
89139277,700
69214566,700
97044880,700
32561264,700
52063756,700
15121427,700
96924969,700
81012350,700
49945991,700
69331535,700
24700354,700
78173104,700
52461713,700
58097551,700
30625736,700
42960441,700
93703916,700
42840058,700
71564842,700
26779935,700
14024491,700
25033845,700
45825541,700
33445422,700
15316811,700
19978101,700
79574885,700
22567403,700
61354061,700
91745050,700
18598612,700
64743914,700
60152338,700
88464872,700
62270097,700
53806604,700
87039714,700
48446447,700
99506979,700
11925747,700
65852852,700
55528870,700
83271381,700
36310889,700
49295397,700
24316171,700
68298602,700
12645200,700
19013676,700
63446585,700
13488053,700
73743376,700
45252340,700
83730665,700
70351050,700
36423008,700
97860649,700
10670862,700
28671043,700
83731523,700
39201537,700
77794156,700
36946783,700
88588876,700
92682071,700
76917568,700
64484517,700
99944880,700
53004976,700
21301686,700
91336997,700
47140181,700
77566413,700
38164284,700
72490941,700
81915747,700
44695948,700
36618657,700
54570169,700
45706401,700
41752824,700
32511634,700
72394708,700
87783488,700
39619411,700
51455126,700
89496062,700
28900889,700
77289433,700
16960049,700
64530262,700
73471503,700
78009718,700
55164244,700
38917614,700
23140505,700
94613350,700
87145597,700
68857633,700
40090435,700
53207172,700
81848285,700
27743780,700
43791558,800
42625283,800
25096960,800
64530262,800
52470878,800
74684850,800
66469179,800
89403146,800
35734397,800
37635052,800
11925747,800
98889977,800
87105617,800
73619889,800
68554151,800
67901616,800
84203038,800
54144805,800
58913350,800
55573330,800
45252340,800
38164284,800
52222534,800
57272341,800
15204651,800
88535674,800
93835574,800
82807753,800
10856261,800
40281367,800
74968588,800
12397215,800
34726473,800
20270169,800
43379656,800
97096867,800
17731717,800
46419345,800
90603839,800
76678765,800
22445007,800
20210755,800
28599868,800
53012296,800
28982752,800
35742058,800
64423195,800
13357561,800
24250104,800
77293635,800
28288231,800
10181341,800
71511968,800
92487237,800
58613521,800
41328523,800
95769831,800
18513076,800
24021933,800
80984008,800
37757151,800
82187089,800
79944837,800
77289433,800
53589460,800
48785153,800
73270347,800
32148523,800
51142382,800
30631482,800
87204734,800
47081011,800
16960049,800
44695948,800
19862158,800
89719858,800
87459515,800
17116861,800
88819334,800
13488053,800
26530234,800
27743780,800
36421566,800
75324499,800
98147545,800
20588697,800
76579783,800
95449643,800
78738764,800
61380629,800
69791086,800
91336997,800
96426580,800
34000848,800
74733791,800
99754236,800
82547488,800
52071394,800
94592067,800
75126407,800
36618657,800
77313888,800
12428410,800
19650161,800
87236366,800
27743568,800
29091592,800
63285384,800
75410316,800
28081277,800
84156806,800
96924969,800
64029823,800
77607097,800
44095117,800
55528870,800
73743376,800
55164244,800
90804039,800
33445422,800
98699387,800
34123078,800
35391234,800
68506704,800
65852852,800
91745050,800
78038895,800
22904404,800
15437130,800
36875281,800
59438939,800
57151521,800
15385771,800
32403350,800
15898793,800
69951834,800
65364556,800
58097551,800
77928859,800
82952094,800
62270097,800
30006367,800
41084249,800
30211207,800
32648968,800
74750711,800
45795169,800
36843691,800
70707779,800
32561264,800
64795827,800
11331872,800
86743152,800
76736815,800
85636664,800
15979437,800
10291599,800
85181006,800
23874702,800
13935730,800
22425505,800
10904270,800
16819699,800
63004563,800
72741472,800
39203413,800
78385945,800
44471383,800
75034278,800
83867366,800
56962320,800
88196988,800
52461713,800
86402886,800
83632428,800
15316811,800
19851970,800
13751919,800
58787104,800
66939059,800
88093652,800
62152625,800
92806659,800
54363276,800
19296629,800
73102056,800
43928690,800
26534356,800
24316171,800
47077487,800
55409330,800
23980141,800
65425723,800
30370553,800
35426847,800
68987810,800
76265545,800
10966863,800
28932973,800
69716216,800
91056650,800
52063756,800
50465248,800
82692701,800
26197707,800
45276419,800
49730510,800
54570169,800
90764034,800
77824374,800
79180396,800
10796470,800
48648482,800
32723065,800
35407102,800
40542546,800
74038495,800
66839185,800
62681291,800
71962579,800
18610650,800
38038172,800
47757449,800
69322230,800
32725290,800
95335919,800
17180250,800
49295397,800
72638016,800
49798374,800
13211126,800
21171864,800
59823693,800
46389282,800
26287537,800
31812440,800
83178834,800
55295363,800
58472236,800
53297562,800
60330215,800
98726232,800
86441434,800
45664076,800
38183834,800
84788990,800
99944880,800
16016222,800
45404069,800
88811466,800
44206489,800
20501522,800
71855380,800
41460551,800
86807149,800
47949336,800
25033845,800
33982536,800
19978101,800
39619411,800
11010546,800
60956106,800
76917568,800
94742790,800
64887182,800
65456801,800
67092593,800
35343885,800
38917614,800
53151261,800
79242083,800
69945229,800
23438826,800
32641954,800
98630759,800
84526350,800
13317608,800
68817888,800
12211745,800
81915747,800
68875269,800
29186730,800
53207172,800
64484517,800
59118863,800
21085861,800
54298344,800
94993301,800
77566413,800
65704329,800
53069212,800
98381390,800
63217023,800
65321878,800
99440428,800
58071382,800
45706401,800
92682071,800
18449061,800
22311581,800
18598612,800
99567459,800
83271381,800
94689850,800
11717897,800
54157051,800
87764470,800
25327766,800
33737091,800
60392996,800
19064020,800
11631264,800
41752824,800
93138767,800
52183546,800
73471503,800
38867503,800
82689495,800
17853604,800
73671363,800
70965390,800
26985971,800
12157740,800
48504475,800
49415273,800
12876259,800
54713132,800
40733644,800
47727701,800
30043422,800
70798705,800
96069276,800
92635212,800
71894412,800
51112041,800
26883069,800
13966831,800
33566714,800
64199247,800
40824269,800
33169488,800
36997838,800
87145597,800
56466227,800
30443275,800
17661094,800
55699154,800
39089663,800
74401053,800
67305036,800
36310889,800
68748979,800
59379959,800
89018364,800
80006883,800
88007450,800
95890516,800
72885845,800
37480222,800
28900889,800
13461749,800
62405238,800
11545207,800
27041200,800
19744521,800
86568107,800
47138507,800
98736839,800
41467866,800
95860891,800
73925488,800
40090435,800
43056996,800
76225568,800
53900916,800
27320564,800
97418554,800
11609688,800
23985235,800
36946783,800
67115942,800
14585292,800
42159172,800
92098244,800
97044880,800
82686820,800
26458554,800
93415065,800
37515110,800
48190565,800
43140153,800
70199255,800
73664187,800
88980909,800
76268713,800
39201537,800
19883708,800
16729653,800
78629494,800
62252951,800
12483965,800
66625947,800
99506979,800
52328683,800
63446585,800
82368095,800
53304966,800
69139430,800
75816785,800
95644652,800
71183716,800
66597740,800
72581549,800
93370721,800
89139277,800
76322463,800
78445701,800
92906563,800
10092748,800
54618811,800
43018341,800
29204655,800
70046100,800
20151422,800
56802740,800
14903293,800
95881186,800
95328366,800
69487819,800
70641821,800
11659791,800
54894717,800
24179502,800
94514529,800
58218682,800
28019438,800
48446447,800
80092691,800
10463558,800
34728627,800
23793463,800
61081291,800
65236322,800
71584532,800
91819853,800
30381352,800
92945127,800
92438931,800
28281303,800
56198158,800
87039714,800
27011024,800
99024207,800
72845561,800
79586808,800
35949630,800
62398223,800
74937829,800
42707260,800
96627831,800
20771213,800
21713946,800
40945926,800
35738256,800
80486290,800
63415523,800
18111302,800
10670862,800
91397554,800
21301686,800
26048904,800
55779439,800
82505537,800
79851002,800
74678619,800
63190522,800
89977939,800
27790775,800
59609276,800
59541131,800
43848691,800
35523113,800
41617876,800
57767237,800
83730665,800
20738082,800
81003569,800
29856893,800
34500041,800
68705957,800
70644771,800
69486435,800
73786744,800
18607291,800
82593660,800
79924556,800
46162700,800
56032122,800
13169420,800
22567403,800
68298602,800
41374261,800
95118470,800
86987659,800
56059923,800
74550568,800
36238848,800
33201404,800
22837508,800
81012350,800
15121427,800
86414223,800
77794156,800
54552603,800
30291580,800
58796116,800
32511634,800
76490119,800
31678003,800
16687093,800
34688696,800
40573434,800
94363814,800
63618667,800
78968298,800
84806590,800
49945991,800
60326092,800
30519718,800
67655354,800
63694961,800
34184704,800
59952035,800
83618524,800
70328357,800
89496062,800
13946150,800
72709560,800
20106780,800
99622576,800
61001932,800
65699015,800
65226380,800
53806604,800
29630890,800
20755211,800
75686319,800
88588876,800
80187390,800
83616780,800
13167330,800
54879275,800
83731523,800
87783488,800
94290126,800
65618577,800
61994444,800
60611925,800
57904483,800
83724738,800
42231924,800
33602703,800
52433601,800
93703916,800
61845100,800
38336093,800
64920449,800
12418187,800
97200111,800
63457088,800
94087418,800
40418054,800
71561693,800
62473112,800
60121895,800
35111401,800
79618010,800
97710976,800
90023719,800
69409177,800
46752354,800
59720991,800
59322703,800
51455126,800
82597918,800
29640050,800
64210665,800
13079517,800
95401945,800
31155613,800
69331535,800
21946969,800
45141465,800
44729208,800
57802610,800
61226031,800
32695087,800
55277649,800
87282590,800
30576094,800
72467147,800
73039205,800
83890920,800
78173104,800
61661369,800
68271364,800
61902918,800
70031357,800
77492315,800
69214566,800
57595963,800
61992013,800
91440481,800
17359263,800
72394708,800
34390645,800
90297419,800
45825541,800
44916592,800
57468296,800
20038333,800
74175708,800
86839791,800
41614097,800
11390689,800
92372749,800
67221465,800
28825165,800
89221318,800
13131614,800
92737249,800
56107568,800
78072732,800
70706059,800
74142688,800
72778223,800
92280780,800
27637402,800
34263940,800
41819366,800
34496562,800
58949771,800
47590287,800
12111018,800
56095146,800
90871864,800
27411237,800
72870013,800
34780016,800
68857633,800
32363935,800
16204381,800
70525070,800
46725413,800
77120420,800
27560026,800
95390519,800
48037326,800
91907499,800
29915985,800
40082831,800
65239221,800
94102823,800
57580000,800
65966759,800
86833718,800
71721557,800
89311397,800
24436120,800
65906652,800
37528422,800
66890475,800
18595102,800
79574885,800
48307609,800
86868358,800
44877433,800
90176198,800
53814335,800
60418718,800
59521466,800
19168921,800
85632875,800
36433313,800
23999140,800
75602106,800
40497959,800
18336996,800
70351050,800
16281127,800
88464872,800
44419556,800
36551840,800
55631467,800
31684918,800
41939487,800
20533087,800
50270483,800
76731921,800
43892492,800
74038495,900
99024207,900
22425505,900
15204651,900
53012296,900
33737091,900
80092691,900
66597740,900
19650161,900
64530262,900
58071382,900
86987659,900
67075502,900
72741472,900
79944837,900
48307609,900
20771213,900
22904404,900
81915747,900
33169488,900
74937829,900
86414223,900
89311397,900
69331535,900
61294211,900
37480222,900
55277649,900
85925584,900
10452422,900
85636664,900
81012350,900
15545914,900
70783394,900
47949336,900
51455126,900
11372951,900
23985235,900
49798374,900
44095117,900
53814335,900
10670862,900
76265545,900
25156244,900
99506979,900
89719858,900
83731523,900
73471503,900
87112068,900
48037326,900
73925488,900
53004976,900
60392996,900
99567459,900
49285059,900
27743568,900
15121427,900
45404069,900
64210665,900
59541131,900
90679274,900
88811466,900
54713132,900
98889977,900
29915985,900
93703916,900
62405238,900
31684918,900
52433601,900
61354061,900
46419345,900
85181006,900
44877433,900
77313888,900
63415523,900
47574555,900
79586808,900
66839185,900
19113653,900
69322230,900
86743152,900
75686319,900
12876259,900
25033845,900
57904483,900
55573330,900
26048904,900
94514529,900
15385771,900
11545207,900
32363935,900
59308526,900
24700354,900
65618577,900
17853604,900
48504475,900
29186730,900
54879275,900
38917614,900
34000848,900
46725413,900
35738256,900
20635410,900
71538021,900
92280780,900
34500041,900
38164284,900
82807753,900
42840058,900
58949771,900
78009718,900
82952094,900
65321878,900
12398025,900
84203038,900
11925747,900
74811093,900
65000707,900
66625947,900
88588876,900
27743780,900
88456300,900
18904062,900
76490119,900
73786744,900
70798705,900
13317608,900
63217023,900
70351050,900
49820591,900
33566714,900
58913350,900
59627101,900
54552603,900
88196988,900
29091592,900
64743914,900
19862158,900
94963561,900
61845100,900
16204381,900
71894412,900
69139430,900
57580000,900
74142688,900
59118863,900
72845561,900
20106780,900
41617876,900
52097077,900
36843691,900
20533087,900
94363814,900
18513076,900
54298344,900
68857633,900
34390645,900
74401053,900
17636462,900
78072732,900
55164244,900
92806659,900
73426887,900
91088063,900
61992013,900
98699387,900
93776773,900
19851970,900
95769831,900
98147545,900
13935730,900
29856893,900
80984008,900
45706401,900
40945926,900
34496562,900
13966831,900
19744521,900
70046100,900
48648482,900
68748979,900
69028491,900
77607097,900
12428410,900
25161950,900
66095484,900
76268713,900
74678619,900
15437130,900
67655354,900
16281127,900
32648968,900
36997838,900
79180396,900
71561693,900
50465248,900
23999140,900
34315648,900
40542546,900
87105617,900
42231924,900
35949630,900
38336093,900
56466227,900
66939059,900
14903293,900
28281303,900
59823693,900
18775629,900
93564278,900
71511968,900
72778223,900
40408823,900
96069276,900
22255793,900
90297419,900
70328357,900
30381352,900
82547488,900
69945229,900
72885845,900
38661327,900
73671363,900
25096960,900
73664187,900
34780016,900
41474847,900
17116861,900
41819366,900
94993301,900
32403350,900
73039205,900
23140505,900
91221220,900
69486435,900
71584532,900
89018364,900
28599868,900
88093652,900
87236366,900
61001932,900
62473112,900
62681291,900
39292371,900
91745050,900
87459515,900
13169420,900
54144805,900
18598612,900
89977939,900
65425723,900
95335919,900
58787104,900
97096867,900
95760736,900
34263940,900
37757151,900
78445701,900
64029823,900
85502946,900
30625736,900
88903080,900
88464872,900
38867503,900
70525070,900
43928690,900
59521466,900
63004563,900
48190565,900
88227507,900
92635212,900
64199247,900
69791086,900
31049837,900
61380629,900
39040616,900
53806604,900
55631467,900
18607291,900
69487819,900
68506704,900
78738764,900
76225568,900
44695948,900
67221465,900
51247000,900
10092748,900
23793463,900
96426580,900
88007450,900
37792017,900
92906563,900
69951834,900
19064020,900
30370553,900
59322703,900
79618010,900
35523113,900
10966863,900
18610650,900
56032122,900
69716216,900
32695087,900
82689495,900
90023719,900
44471383,900
40320712,900
59379959,900
53304966,900
58218682,900
26985971,900
28932973,900
77289433,900
73270347,900
49477708,900
93415065,900
28900889,900
58472236,900
74750711,900
67901616,900
36551840,900
27560026,900
16729653,900
21301686,900
19168921,900
41490870,900
41895884,900
28019438,900
60121895,900
89403146,900
10181341,900
27041200,900
94613350,900
87764470,900
35391234,900
55295363,900
75410316,900
96924969,900
72394708,900
70199255,900
95890516,900
98630759,900
75034278,900
79851002,900
53207172,900
35734397,900
10856261,900
48785153,900
71183716,900
80901119,900
83724738,900
67092593,900
71962579,900
16016222,900
68298602,900
83867366,900
45825541,900
70706059,900
30043422,900
13488053,900
19296629,900
39153002,900
28863716,900
96627831,900
78038895,900
43892492,900
19557274,900
44419556,900
92682071,900
64423195,900
64795827,900
45252340,900
11010546,900
64887182,900
26458554,900
62152625,900
93530462,900
55412878,900
86441434,900
54441978,900
74733791,900
14585292,900
36421566,900
26287537,900
56107568,900
36423008,900
87282590,900
53900916,900
60418718,900
17523206,900
36238848,900
82593660,900
65239221,900
83632428,900
20831211,900
12397215,900
81848285,900
46389282,900
28288231,900
19978101,900
20151422,900
83170773,900
17180250,900
92945127,900
32641954,900
46726662,900
15979437,900
27011024,900
35835645,900
56962320,900
76678765,900
70031357,900
52470878,900
21946969,900
32725290,900
36615353,900
68554151,900
16880593,900
25327766,900
26534356,900
76236786,900
94087418,900
16906699,900
98381390,900
79585888,900
75324499,900
57767237,900
11717897,900
16687093,900
40090435,900
14024491,900
99622576,900
69409177,900
34726473,900
49469879,900
91397554,900
89221318,900
63285384,900
35407102,900
41752824,900
16960049,900
63446585,900
11609688,900
50270483,900
47138507,900
65456801,900
87783488,900
73743376,900
75126407,900
27047556,900
63694961,900
10904270,900
36310889,900
20038333,900
33982536,900
85632875,900
34440096,900
12483965,900
23438826,900
49730510,900
25015829,900
76192219,900
54582920,900
44624901,900
22837508,900
95390519,900
56802740,900
30519718,900
52222534,900
97860649,900
52666535,900
68817888,900
19013676,900
36618657,900
95103515,900
90908459,900
52183546,900
42960441,900
79924556,900
39619411,900
44916592,900
56198158,900
92372749,900
80006883,900
66469179,900
90603839,900
94290126,900
47757449,900
77293635,900
98726232,900
45664076,900
98736839,900
44729208,900
47140181,900
37240611,900
93138767,900
83178834,900
24436120,900
52063756,900
52461713,900
18111302,900
20210755,900
88819334,900
54209274,900
40497959,900
77722387,900
32511634,900
90871864,900
45795169,900
75816785,900
33445422,900
79574885,900
28825165,900
10291599,900
15898793,900
52328683,900
72709560,900
20501522,900
83204980,900
59952035,900
76917568,900
56727509,900
97200111,900
26197707,900
99944880,900
65704329,900
34123078,900
71721557,900
35111401,900
97044880,900
83616780,900
33201404,900
89169457,900
39203413,900
74561594,900
42625283,900
82172492,900
35343885,900
67115942,900
76731921,900
20270169,900
24179502,900
15585840,900
41939487,900
61902918,900
26530234,900
22445007,900
30211207,900
91440481,900
49295397,900
40824269,900
77824374,900
16819699,900
67305036,900
65699015,900
44206489,900
53297562,900
77566413,900
96670810,900
30443275,900
53589460,900
24250104,900
84806590,900
99754236,900
61661369,900
36875281,900
40281367,900
98653576,900
94321666,900
72490941,900
82505537,900
34728627,900
43379656,900
26883069,900
82597918,900
62252951,900
33602703,900
57595963,900
57802610,900
20588697,900
29630890,900
29778056,900
26779935,900
42707260,900
52071394,900
74968588,900
18595102,900
51142382,900
21713946,900
95328366,900
21171864,900
46162700,900
95118470,900
55779439,900
79290822,900
11051268,900
60956106,900
20564348,900
65226380,900
72467147,900
94689850,900
84526350,900
84788990,900
68705957,900
74684850,900
51279120,900
30631482,900
86868358,900
70641821,900
12157740,900
90764034,900
82368095,900
74175708,900
56059923,900
65236322,900
87039714,900
11659791,900
55409330,900
83271381,900
27637402,900
97418554,900
37515110,900
62578265,900
24871846,900
66890475,900
64484517,900
28081277,900
40573434,900
32148523,900
97710976,900
13751919,900
62398223,900
55464460,900
30006367,900
76579783,900
29204655,900
77794156,900
57151521,900
24316171,900
90176198,900
90767434,900
85826709,900
91819853,900
93835574,900
77492315,900
88535674,900
54157051,900
55699154,900
91907499,900
72870013,900
71564842,900
60330215,900
55528870,900
91336997,900
76736815,900
13079517,900
13131614,900
86833718,900
32723065,900
47727701,900
57272341,900
78844703,900
43018341,900
77120420,900
69214566,900
94592067,900
13946150,900
58613521,900
92737249,900
47590287,900
22264090,900
31678003,900
98173903,900
43848691,900
13461749,900
77312657,900
59770325,900
45141465,900
59720991,900
35426847,900
34688696,900
95401945,900
95881186,900
34184704,900
72638016,900
35742058,900
61994444,900
83618524,900
11631264,900
10463558,900
80187390,900
86402886,900
63618667,900
18449061,900
60611925,900
78968298,900
92438931,900
31155613,900
32905833,900
39768787,900
10796470,900
40418054,900
57468296,900
68271364,900
76322463,900
13167330,900
12211745,900
74550568,900
61081291,900
61226031,900
41084249,900
38038172,900
65906652,900
72581549,900
54618811,900
72963512,900
23121994,900
78629494,900
13357561,900
21157246,900
95860891,900
28671043,900
75573483,900
17359263,900
90804039,900
22567403,900
87204734,900
56095146,900
53151261,900
71855380,900
65364556,900
12111018,900
48446447,900
72102007,900
46752354,900
68469803,900
56654200,900
19191494,900
38183834,900
92487237,900
78173104,900
82692701,900
41467866,900
54787750,900
89496062,900
70707779,900
68987810,900
36433313,900
81003569,900
94742790,900
58097551,900
70965390,900
77928859,900
75602106,900
41270529,900
58796116,900
78385945,900
54570169,900
89139277,900
93370721,900
39089663,900
17731717,900
43140153,900
12645200,900
13211126,900
40082831,900
59438939,900
41328523,900
60326092,900
41107751,900
45276419,900
99440428,900
43791558,900
63457088,900
76093514,900
41614097,900
60152338,900
83730665,900
86807149,900
91056650,900
18336996,900
54894717,900
80486290,900
68875269,900
55192742,900
22311581,900
35820728,900
70644771,900
30291580,900
58066691,900
73619889,900
21085861,900
37884711,900
47081011,900
11390689,900
43056996,900
84156806,900
86839791,900
65852852,900
92098244,900
41460551,900
10092748,1000
10181341,1000
10291599,1000
10452422,1000
10463558,1000
10670862,1000
10796470,1000
10856261,1000
10904270,1000
10966863,1000
11010546,1000
11051268,1000
11331872,1000
11372951,1000
11390689,1000
11545207,1000
11609688,1000
11631264,1000
11659791,1000
11717897,1000
11925747,1000
12111018,1000
12157740,1000
12211745,1000
12397215,1000
12398025,1000
12418187,1000
12428410,1000
12483965,1000
12645200,1000
12876259,1000
13079517,1000
13131614,1000
13167330,1000
13169420,1000
13211126,1000
13317608,1000
13357561,1000
13461749,1000
13488053,1000
13751919,1000
13935730,1000
13946150,1000
13966831,1000
14024491,1000
14585292,1000
14903293,1000
15121427,1000
15204651,1000
15316811,1000
15385771,1000
15437130,1000
15545914,1000
15585840,1000
15898793,1000
15979437,1000
16016222,1000
16204381,1000
16281127,1000
16687093,1000
16729653,1000
16819699,1000
16880593,1000
16906699,1000
16960049,1000
17116861,1000
17180250,1000
17359263,1000
17523206,1000
17636462,1000
17661094,1000
17731717,1000
17853604,1000
18111302,1000
18336996,1000
18449061,1000
18513076,1000
18595102,1000
18598612,1000
18607291,1000
18610650,1000
18775629,1000
18904062,1000
19013676,1000
19064020,1000
19113653,1000
19168921,1000
19191494,1000
19296629,1000
19557274,1000
19650161,1000
19744521,1000
19851970,1000
19862158,1000
19883708,1000
19978101,1000
20038333,1000
20106780,1000
20151422,1000
20210755,1000
20270169,1000
20501522,1000
20533087,1000
20564348,1000
20588697,1000
20635410,1000
20738082,1000
20755211,1000
20771213,1000
20831211,1000
21085861,1000
21157246,1000
21171864,1000
21181806,1000
21301686,1000
21713946,1000
21946969,1000
22255793,1000
22264090,1000
22311581,1000
22425505,1000
22445007,1000
22567403,1000
22837508,1000
22904404,1000
23121994,1000
23140505,1000
23438826,1000
23793463,1000
23874702,1000
23980141,1000
23985235,1000
23999140,1000
24021933,1000
24179502,1000
24250104,1000
24316171,1000
24436120,1000
24700354,1000
24871846,1000
25015829,1000
25033845,1000
25096960,1000
25156244,1000
25161950,1000
25327766,1000
26048904,1000
26197707,1000
26287537,1000
26458554,1000
26530234,1000
26534356,1000
26779935,1000
26883069,1000
26985971,1000
27011024,1000
27041200,1000
27047556,1000
27320564,1000
27411237,1000
27560026,1000
27637402,1000
27743568,1000
27743780,1000
27790775,1000
28019438,1000
28081277,1000
28281303,1000
28288231,1000
28599868,1000
28671043,1000
28808983,1000
28825165,1000
28863716,1000
28900889,1000
28932973,1000
28982752,1000
29091592,1000
29186730,1000
29204655,1000
29630890,1000
29640050,1000
29778056,1000
29856893,1000
29895761,1000
29915985,1000
30006367,1000
30043422,1000
30211207,1000
30291580,1000
30370553,1000
30381352,1000
30443275,1000
30519718,1000
30576094,1000
30625736,1000
30631482,1000
31049837,1000
31155613,1000
31678003,1000
31684918,1000
31812440,1000
32148523,1000
32363935,1000
32403350,1000
32511634,1000
32561264,1000
32641954,1000
32648968,1000
32695087,1000
32723065,1000
32725290,1000
32905833,1000
33169488,1000
33201404,1000
33445422,1000
33566714,1000
33602703,1000
33737091,1000
33982536,1000
34000848,1000
34123078,1000
34184704,1000
34263940,1000
34315648,1000
34390645,1000
34440096,1000
34496562,1000
34500041,1000
34688696,1000
34726473,1000
34728627,1000
34780016,1000
35111401,1000
35343885,1000
35391234,1000
35407102,1000
35426847,1000
35523113,1000
35734397,1000
35738256,1000
35742058,1000
35820728,1000
35835645,1000
35949630,1000
36238848,1000
36310889,1000
36421566,1000
36423008,1000
36433313,1000
36551840,1000
36615353,1000
36618657,1000
36843691,1000
36875281,1000
36946783,1000
36997838,1000
37240611,1000
37480222,1000
37515110,1000
37528422,1000
37635052,1000
37757151,1000
37792017,1000
37884711,1000
38038172,1000
38164284,1000
38183834,1000
38336093,1000
38661327,1000
38867503,1000
38917614,1000
39040616,1000
39089663,1000
39153002,1000
39201537,1000
39203413,1000
39292371,1000
39619411,1000
39768787,1000
40082831,1000
40090435,1000
40281367,1000
40320712,1000
40408823,1000
40418054,1000
40497959,1000
40542546,1000
40573434,1000
40733644,1000
40824269,1000
40945926,1000
41084249,1000
41107751,1000
41270529,1000
41328523,1000
41374261,1000
41460551,1000
41467866,1000
41474847,1000
41490870,1000
41614097,1000
41617876,1000
41752824,1000
41819366,1000
41895884,1000
41939487,1000
42159172,1000
42231924,1000
42625283,1000
42707260,1000
42840058,1000
42960441,1000
43018341,1000
43056996,1000
43140153,1000
43379656,1000
43791558,1000
43848691,1000
43892492,1000
43928690,1000
44095117,1000
44206489,1000
44419556,1000
44471383,1000
44624901,1000
44695948,1000
44729208,1000
44877433,1000
44916592,1000
45141465,1000
45252340,1000
45276419,1000
45404069,1000
45664076,1000
45706401,1000
45795169,1000
45825541,1000
46162700,1000
46389282,1000
46419345,1000
46725413,1000
46726662,1000
46752354,1000
47077487,1000
47081011,1000
47138507,1000
47140181,1000
47574555,1000
47590287,1000
47727701,1000
47757449,1000
47949336,1000
48037326,1000
48190565,1000
48307609,1000
48446447,1000
48504475,1000
48648482,1000
48785153,1000
49285059,1000
49295397,1000
49415273,1000
49469879,1000
49477708,1000
49730510,1000
49798374,1000
49820591,1000
49945991,1000
50270483,1000
50465248,1000
51112041,1000
51142382,1000
51247000,1000
51279120,1000
51455126,1000
52063756,1000
52071394,1000
52097077,1000
52183546,1000
52222534,1000
52328683,1000
52433601,1000
52461713,1000
52470878,1000
52666535,1000
53004976,1000
53012296,1000
53069212,1000
53151261,1000
53207172,1000
53297562,1000
53304966,1000
53589460,1000
53806604,1000
53814335,1000
53900916,1000
54144805,1000
54157051,1000
54209274,1000
54298344,1000
54363276,1000
54441978,1000
54552603,1000
54570169,1000
54582920,1000
54618811,1000
54713132,1000
54787750,1000
54879275,1000
54894717,1000
55164244,1000
55192742,1000
55277649,1000
55295363,1000
55409330,1000
55412878,1000
55464460,1000
55528870,1000
55573330,1000
55631467,1000
55699154,1000
55779439,1000
56032122,1000
56059923,1000
56095146,1000
56107568,1000
56198158,1000
56466227,1000
56654200,1000
56727509,1000
56802740,1000
56962320,1000
56999008,1000
57151521,1000
57272341,1000
57468296,1000
57580000,1000
57595963,1000
57767237,1000
57802610,1000
57904483,1000
58066691,1000
58071382,1000
58097551,1000
58218682,1000
58472236,1000
58613521,1000
58787104,1000
58796116,1000
58913350,1000
58949771,1000
59118863,1000
59308526,1000
59322703,1000
59379959,1000
59438939,1000
59521466,1000
59541131,1000
59609276,1000
59627101,1000
59720991,1000
59757912,1000
59770325,1000
59823693,1000
59952035,1000
60121895,1000
60152338,1000
60326092,1000
60330215,1000
60392996,1000
60418718,1000
60611925,1000
60956106,1000
61001932,1000
61081291,1000
61226031,1000
61294211,1000
61354061,1000
61380629,1000
61661369,1000
61845100,1000
61902918,1000
61992013,1000
61994444,1000
62152625,1000
62252951,1000
62270097,1000
62398223,1000
62405238,1000
62473112,1000
62578265,1000
62681291,1000
63004563,1000
63190522,1000
63217023,1000
63285384,1000
63415523,1000
63446585,1000
63457088,1000
63618667,1000
63694961,1000
64029823,1000
64199247,1000
64210665,1000
64423195,1000
64484517,1000
64530262,1000
64743914,1000
64795827,1000
64887182,1000
64920449,1000
65000707,1000
65226380,1000
65236322,1000
65239221,1000
65321878,1000
65364556,1000
65425723,1000
65456801,1000
65618577,1000
65699015,1000
65704329,1000
65852852,1000
65906652,1000
65966759,1000
66095484,1000
66469179,1000
66597740,1000
66625947,1000
66839185,1000
66890475,1000
66939059,1000
67075502,1000
67092593,1000
67115942,1000
67221465,1000
67305036,1000
67655354,1000
67901616,1000
68271364,1000
68298602,1000
68469803,1000
68506704,1000
68554151,1000
68705957,1000
68748979,1000
68777077,1000
68817888,1000
68857633,1000
68875269,1000
68987810,1000
69028491,1000
69139430,1000
69178184,1000
69214566,1000
69322230,1000
69331535,1000
69409177,1000
69486435,1000
69487819,1000
69716216,1000
69791086,1000
69945229,1000
69951834,1000
70031357,1000
70046100,1000
70199255,1000
70328357,1000
70351050,1000
70525070,1000
70641821,1000
70644771,1000
70706059,1000
70707779,1000
70783394,1000
70798705,1000
70965390,1000
71183716,1000
71511968,1000
71538021,1000
71561693,1000
71564842,1000
71584532,1000
71721557,1000
71855380,1000
71894412,1000
71962579,1000
72102007,1000
72268438,1000
72394708,1000
72467147,1000
72490941,1000
72581549,1000
72638016,1000
72709560,1000
72741472,1000
72778223,1000
72845561,1000
72870013,1000
72885845,1000
72963512,1000
73039205,1000
73102056,1000
73270347,1000
73426887,1000
73471503,1000
73619889,1000
73664187,1000
73671363,1000
73743376,1000
73786744,1000
73925488,1000
74038495,1000
74142688,1000
74175708,1000
74401053,1000
74550568,1000
74561594,1000
74678619,1000
74684850,1000
74733791,1000
74750711,1000
74811093,1000
74937829,1000
74968588,1000
75034278,1000
75126407,1000
75324499,1000
75410316,1000
75573483,1000
75602106,1000
75686319,1000
75816785,1000
76093514,1000
76192219,1000
76225568,1000
76236786,1000
76265545,1000
76268713,1000
76322463,1000
76490119,1000
76579783,1000
76678765,1000
76731921,1000
76736815,1000
76917568,1000
77120420,1000
77289433,1000
77293635,1000
77312657,1000
77313888,1000
77492315,1000
77566413,1000
77607097,1000
77722387,1000
77794156,1000
77824374,1000
77928859,1000
78009718,1000
78038895,1000
78072732,1000
78173104,1000
78385945,1000
78445701,1000
78629494,1000
78738764,1000
78844703,1000
78968298,1000
79180396,1000
79242083,1000
79290822,1000
79574885,1000
79585888,1000
79586808,1000
79618010,1000
79851002,1000
79900360,1000
79924556,1000
79944837,1000
80006883,1000
80092691,1000
80187390,1000
80486290,1000
80901119,1000
80984008,1000
81003569,1000
81012350,1000
81848285,1000
81915747,1000
82082115,1000
82172492,1000
82187089,1000
82368095,1000
82505537,1000
82547488,1000
82593660,1000
82597918,1000
82686820,1000
82689495,1000
82692701,1000
82807753,1000
82952094,1000
83170773,1000
83178834,1000
83204980,1000
83271381,1000
83616780,1000
83618524,1000
83632428,1000
83724738,1000
83730665,1000
83731523,1000
83867366,1000
83890920,1000
84156806,1000
84203038,1000
84526350,1000
84788990,1000
84806590,1000
85181006,1000
85502946,1000
85632875,1000
85636664,1000
85826709,1000
85925584,1000
86402886,1000
86414223,1000
86441434,1000
86568107,1000
86743152,1000
86807149,1000
86833718,1000
86839791,1000
86868358,1000
86987659,1000
87039714,1000
87105617,1000
87112068,1000
87145597,1000
87204734,1000
87236366,1000
87282590,1000
87459515,1000
87764470,1000
87783488,1000
88007450,1000
88093652,1000
88196988,1000
88227507,1000
88456300,1000
88464872,1000
88535674,1000
88588876,1000
88811466,1000
88819334,1000
88903080,1000
88980909,1000
89018364,1000
89139277,1000
89169457,1000
89221318,1000
89311397,1000
89403146,1000
89496062,1000
89719858,1000
89977939,1000
90023719,1000
90176198,1000
90297419,1000
90603839,1000
90679274,1000
90764034,1000
90767434,1000
90804039,1000
90871864,1000
90908459,1000
91056650,1000
91088063,1000
91221220,1000
91336997,1000
91397554,1000
91440481,1000
91745050,1000
91819853,1000
91907499,1000
92098244,1000
92280780,1000
92372749,1000
92438931,1000
92487237,1000
92635212,1000
92682071,1000
92737249,1000
92806659,1000
92906563,1000
92945127,1000
93138767,1000
93370721,1000
93415065,1000
93530462,1000
93564278,1000
93703916,1000
93776773,1000
93835574,1000
94087418,1000
94102823,1000
94290126,1000
94321666,1000
94363814,1000
94514529,1000
94592067,1000
94613350,1000
94689850,1000
94742790,1000
94963561,1000
94993301,1000
95103515,1000
95118470,1000
95328366,1000
95335919,1000
95390519,1000
95401945,1000
95449643,1000
95644652,1000
95760736,1000
95769831,1000
95860891,1000
95881186,1000
95890516,1000
96069276,1000
96426580,1000
96627831,1000
96670810,1000
96924969,1000
97044880,1000
97096867,1000
97200111,1000
97418554,1000
97710976,1000
97860649,1000
98147545,1000
98173903,1000
98381390,1000
98630759,1000
98653576,1000
98699387,1000
98726232,1000
98736839,1000
98889977,1000
99024207,1000
99033787,1000
99440428,1000
99506979,1000
99567459,1000
99622576,1000
99754236,1000
99944880,1000
