participant,response
11959,0.0.0.0.0.1
11959,0.0.0.1.0.1
11959,0.0.0.1.1.1
11959,0.1.0.1.1.1
11959,1.1.0.1.1.1
11959,1.1.1.1.1.1
11959,1.1.1.2.1.1
11961,0.0.0.0.0.1
11961,0.0.0.1.0.1
11961,1.0.0.1.0.1
11961,1.0.0.1.1.1
11961,1.1.0.1.1.1
11961,1.1.1.1.1.1
11961,1.1.1.1.2.1
11961,1.1.1.2.2.1
11961,1.2.1.2.2.1
11962,0.0.0.1.0.0
11962,0.0.1.1.0.0
11962,0.0.1.1.0.1
11962,0.0.1.1.1.1
11962,0.1.1.1.1.1
11962,1.1.1.1.1.1
11962,2.1.1.1.1.1
11962,2.1.1.1.2.1
11962,2.1.1.2.2.1
11962,2.2.1.2.2.1
11962,2.2.3.2.2.1
11963,2.0.0.0.0.0
11963,2.0.0.1.0.0
11963,2.0.0.1.1.0
11963,2.0.0.1.1.1
11963,2.0.0.1.2.1
11963,2.1.0.1.2.1
11963,2.1.0.1.1.1
11963,2.2.0.1.1.1
11963,2.1.0.1.1.2
11964,0.0.0.0.0.1
11964,1.0.0.0.0.1
11964,1.0.1.0.0.1
11964,1.1.1.0.0.1
11964,1.1.1.1.0.1
11964,1.1.1.1.1.1
11965,0.0.0.1.0.0
11965,0.1.0.1.0.0
11965,0.1.0.1.0.1
11965,0.1.1.1.0.1
11965,1.1.1.1.0.1
11965,1.1.1.1.1.1
11965,1.1.1.2.1.1
11965,1.2.1.2.1.1
11965,2.2.1.2.1.1
11965,2.2.1.2.2.1
11965,2.2.1.2.3.1
11965,2.2.1.2.4.1
11965,1.2.1.2.4.1
11991,1.0.0.0.0.0
11991,1.0.0.0.0.1
11991,1.0.0.1.0.1
11991,1.0.0.1.1.1
11991,1.0.1.1.1.1
11991,1.1.1.1.1.1
11996,0.0.0.2.0.0
11996,0.0.0.2.0.2
11996,0.0.0.2.1.2
11996,1.0.0.2.1.2
11996,2.0.0.2.1.2
11996,2.1.0.2.1.2
11996,2.1.0.2.2.2
11997,0.0.0.1.0.0
11997,0.0.0.1.1.0
11997,0.0.0.1.1.1
11997,0.1.0.1.1.1
11997,1.1.0.1.1.1
11997,1.1.1.1.1.1
11997,1.1.1.3.1.1
11997,1.1.1.4.1.1
11997,1.2.1.4.1.1
11997,2.2.1.4.1.1
11998,2.0.0.0.0.0
11998,2.1.0.0.0.0
11998,6.2.0.0.0.0
11998,6.2.0.2.0.0
11998,6.2.0.1.0.0
11998,6.2.0.1.2.0
11998,6.2.1.1.2.0
11998,6.2.2.1.2.0
11998,6.2.2.1.1.0
11998,6.2.2.1.1.1
11998,6.2.2.1.2.1
11998,6.2.2.1.2.2
11998,2.2.2.1.2.2
11998,2.6.2.1.2.2
12000,0.0.0.0.1.0
12000,0.0.0.1.1.0
12000,0.0.0.1.1.1
12000,1.0.0.1.1.1
12000,1.0.1.1.1.1
12000,1.1.1.1.1.1
12001,0.0.0.1.0.0
12001,0.0.0.1.1.0
12001,1.0.0.1.1.0
12001,1.1.0.1.1.0
12001,1.1.0.2.1.0
12001,1.2.0.2.1.0
12001,1.2.1.2.1.0
12001,1.1.1.2.1.0
12001,1.1.1.2.1.1
12001,2.1.1.2.1.1
12001,2.1.1.2.1.2
12001,2.1.3.2.1.2
12001,2.1.3.1.1.2
12001,2.2.3.2.1.2
12019,0.0.0.0.1.0
12019,0.0.0.0.1.1
12019,0.1.0.0.1.1
12019,0.1.0.1.1.1
12019,1.1.0.1.1.1
12019,1.1.1.1.1.1
12019,1.1.1.2.1.1
12019,1.1.1.2.1.2
12019,1.1.1.2.2.2
12019,1.2.1.2.2.2
12019,1.2.2.2.2.2
12019,1.2.2.1.2.2
12020,0.0.0.0.1.0
12020,0.0.0.0.1.1
12020,0.0.1.0.1.1
12020,0.0.1.1.1.1
12020,1.0.1.1.1.1
12020,1.0.2.1.1.1
12020,1.0.2.1.1.2
12020,1.0.2.2.1.2
12020,2.0.2.2.1.2
12020,2.0.2.2.1.1
12021,2.0.0.0.0.0
12021,2.0.1.0.0.0
12021,2.1.1.0.0.0
12021,2.2.1.0.0.0
12021,2.6.2.0.0.0
12021,2.6.2.0.1.0
12021,2.6.2.0.1.1
12021,2.2.6.0.1.1
12021,2.2.6.0.1.2
12021,2.2.6.0.2.2
12021,2.2.6.2.2.2
12021,1.2.6.2.2.2
12021,2.1.6.2.2.2
12022,0.0.0.1.0.0
12022,0.0.0.1.1.0
12022,0.0.0.1.1.1
12022,0.0.1.1.1.1
12022,0.0.1.1.1.2
12022,0.1.1.1.1.2
12022,1.1.1.1.1.2
12022,1.2.1.1.1.2
12023,0.0.1.0.0.0
12023,0.1.1.0.0.0
12023,1.1.1.0.0.0
12023,1.2.1.0.0.0
12023,2.6.1.0.0.0
12023,2.6.1.0.0.1
12023,2.6.1.0.0.2
12023,2.6.1.1.0.2
12023,2.6.1.3.0.2
12023,2.6.1.3.2.2
12023,2.6.1.2.2.2
12023,2.6.1.1.2.2
12023,2.6.1.1.1.2
12023,2.6.1.1.3.2
12023,2.6.1.1.4.2
12025,1.0.0.0.0.0
12025,1.0.1.0.0.0
12025,1.0.1.0.1.0
12025,2.0.1.0.1.0
12025,2.0.2.0.1.0
12025,2.0.2.0.2.0
12025,2.0.2.0.2.1
12025,2.0.2.1.2.1
12025,2.1.2.1.2.1
12025,2.1.1.1.2.1
12025,2.2.2.1.2.1
12025,2.2.2.1.1.1
12025,2.2.1.1.2.1
12026,0.0.0.0.1.0
12026,0.0.0.0.1.1
12026,0.0.1.0.1.1
12026,0.1.1.0.1.1
12026,0.1.1.1.1.1
12026,1.1.1.1.1.1
12027,1.0.0.0.0.0
12027,2.0.0.0.0.0
12027,2.0.0.0.1.0
12027,2.1.0.0.1.0
12027,1.1.0.0.1.0
12027,1.1.1.0.1.0
12027,1.1.1.0.1.1
12027,1.1.1.1.1.1
12027,1.1.2.1.1.1
12027,1.1.3.1.1.1
12027,1.1.3.2.1.1
12027,1.2.3.2.1.1
12027,1.6.3.2.2.1
12027,1.6.1.2.2.1
12027,1.1.3.2.2.1
12027,1.1.3.2.1.2
12027,1.1.1.2.1.2
12027,1.1.3.3.1.2
12027,1.1.1.3.1.2
12028,1.0.0.0.0.0
12028,1.1.0.0.0.0
12028,1.1.2.0.0.0
12028,1.1.2.1.0.0
12028,1.1.2.1.0.1
12028,1.1.2.1.1.1
12028,2.1.2.1.1.1
12028,2.1.2.1.2.1
12028,2.2.2.1.1.1
12028,2.2.2.1.6.1
12028,2.2.2.1.6.2
12028,2.2.2.1.1.2
12028,2.6.2.1.2.2
12028,1.6.2.1.2.2
12028,2.1.2.1.2.2
12028,2.2.2.1.2.2
12028,1.2.2.1.2.2
12029,2.0.0.0.0.0
12029,2.0.0.1.0.0
12029,2.0.0.2.0.0
12029,2.0.0.2.1.0
12029,1.0.0.2.1.0
12029,2.0.0.2.1.2
12029,2.0.3.2.1.2
12029,2.1.3.2.1.2
12040,1.0.0.0.0.0
12040,1.0.0.0.0.1
12040,2.0.0.0.0.1
12040,1.0.0.0.0.3
12040,1.0.0.0.0.2
12040,1.1.0.0.0.2
12040,1.1.0.0.0.1
12040,1.1.1.0.0.2
12040,1.1.1.0.0.1
12040,1.1.3.0.0.1
12040,1.1.3.0.1.1
12040,1.1.2.0.1.6
12040,1.1.2.1.1.6
12040,1.1.2.1.1.1
12040,1.1.2.1.2.1
12040,1.1.2.1.2.6
12041,1.1.2.1.2.1
12041,1.1.2.1.2.2
12041,1.1.1.1.2.2
12041,1.2.2.1.2.2
12041,1.2.2.1.1.2
12041,1.2.1.1.1.2
12042,1.2.2.1.1.2
12042,1.2.2.1.1.1
12042,1.2.1.1.1.1
12042,1.1.1.1.1.1
12043,1.1.1.1.1.1
12043,1.2.1.1.1.1
12045,0.0.0.0.0.1
12045,0.0.1.0.0.1
12045,0.0.2.0.0.1
12045,0.0.6.0.0.2
12045,0.0.6.0.0.1
12045,0.1.6.0.0.1
12045,1.1.6.0.0.1
12045,1.1.6.0.1.1
12045,1.1.6.1.1.1
12045,1.1.6.1.1.2
12045,1.1.6.1.1.4
12045,2.1.6.1.1.4
12045,6.1.6.2.1.4
12045,6.1.6.2.2.4
12045,6.2.6.2.2.4
12047,0.0.0.1.0.0
12047,0.0.0.1.1.0
12047,0.0.0.1.1.1
12047,0.0.1.1.1.1
12047,0.1.1.1.1.1
12047,1.1.1.1.1.1
12047,1.1.2.1.1.1
12047,1.1.2.2.1.1
12047,1.1.2.2.2.1
12047,1.1.2.2.6.1
12049,0.0.0.0.0.1
12049,0.0.1.0.0.1
12049,0.1.1.0.0.1
12049,0.1.1.0.1.1
12049,0.1.1.1.1.1
12049,1.1.1.1.1.1
12051,0.0.0.5.0.0
12051,0.0.0.1.0.0
12051,0.2.0.1.0.0
12051,0.1.0.1.0.0
12051,0.1.0.2.0.0
12051,0.5.0.2.0.0
12051,0.5.0.2.0.2
12051,0.5.1.2.0.2
12051,0.5.1.2.1.2
12051,0.5.2.2.1.2
12051,0.4.2.2.1.2
12052,0.0.0.1.0.0
12052,0.0.0.1.1.0
12052,0.1.0.1.1.0
12052,0.1.1.1.1.0
12052,0.1.1.1.1.1
12052,0.1.2.1.1.1
12054,0.0.0.0.0.1
12054,0.0.0.1.0.1
12054,0.1.0.1.0.1
12055,0.0.0.0.1.0
12055,0.0.0.1.1.0
12055,1.0.0.1.1.0
12055,1.0.1.1.1.0
12055,2.0.1.1.1.0
12055,2.0.1.1.2.0
12055,2.0.1.1.5.0
12055,2.0.1.1.4.0
12055,2.0.1.1.4.1
12055,2.0.1.1.1.1
12056,0.0.0.1.0.0
12056,0.0.0.1.1.0
12056,0.0.1.1.1.0
12056,0.1.1.1.1.0
12056,1.1.1.1.1.0
12056,1.1.1.1.1.1
12056,1.2.1.1.1.1
12057,1.0.0.0.0.0
12057,1.1.0.0.0.0
12057,1.1.1.0.0.0
12057,1.1.1.1.0.0
12057,1.1.1.1.1.0
12057,1.1.1.1.1.1
12057,1.1.1.1.1.3
12057,1.1.2.1.1.3
12057,1.1.5.1.1.3
12058,1.0.0.0.0.0
12058,1.1.0.0.0.0
12058,1.2.0.0.0.0
12058,1.2.1.0.0.0
12058,1.2.1.0.0.1
12058,1.2.1.1.0.1
12058,1.2.1.2.0.1
12058,1.2.1.2.1.1
12058,1.1.1.2.1.1
12060,0.0.0.0.0.1
12060,0.0.0.1.0.1
12060,0.0.1.1.0.1
12060,0.0.1.1.1.1
12060,0.1.1.1.1.1
12097,0.0.1.0.0.0
12097,0.1.1.0.0.0
12097,0.1.1.0.1.0
12097,0.1.1.1.1.0
12097,0.1.1.1.1.1
12097,1.1.1.1.1.1
12097,2.1.1.1.1.1
12097,2.1.1.2.1.1
12097,2.1.1.2.1.2
12097,1.1.1.2.1.2
12098,0.0.0.0.0.1
12098,0.0.0.0.1.1
12098,0.0.0.0.1.2
12098,0.0.0.1.1.2
12098,0.0.1.1.1.2
12098,1.0.1.1.1.2
12098,1.0.1.1.1.1
12098,2.0.1.1.1.1
12099,0.0.0.1.0.0
12099,0.0.1.1.0.0
12099,0.0.2.1.0.0
12099,0.0.2.1.1.0
12099,0.0.2.1.1.1
12099,0.0.2.1.2.1
12099,0.0.2.1.6.2
12099,0.1.2.1.6.2
12099,0.1.2.1.1.2
12100,0.0.0.1.0.0
12100,0.0.0.1.1.0
12100,0.0.0.1.1.1
12100,0.0.1.1.1.1
12100,0.1.1.1.1.1
12100,1.1.1.1.1.1
12100,1.1.1.1.2.1
12100,1.1.1.1.2.2
12101,0.0.0.0.1.0
12101,0.0.1.0.1.0
12101,0.0.1.0.1.1
12101,0.1.1.0.1.1
12101,1.1.1.0.1.1
12139,0.0.0.0.1.0
12139,1.0.0.0.1.0
12139,1.0.1.0.1.0
12139,1.0.1.0.1.1
12139,1.1.1.0.1.1
12139,1.1.1.1.1.1
12139,1.1.2.1.1.1
12142,0.0.1.0.0.0
12142,0.0.2.0.0.0
12142,0.1.2.0.0.0
12142,0.2.6.0.0.0
12142,0.2.6.0.0.1
12142,0.2.1.0.0.1
12142,0.2.6.0.1.1
12142,0.2.6.0.2.1
12142,1.2.6.0.2.1
12142,3.2.6.0.2.1
12142,3.2.1.0.2.1
12144,0.0.1.0.0.0
12144,0.0.1.0.1.0
12144,0.0.1.2.1.0
12147,2.0.0.0.0.0
12147,2.0.0.1.0.0
12147,2.0.0.2.0.0
12147,2.0.0.2.0.1
12147,2.0.0.2.0.2
12147,2.0.0.2.1.2
12147,2.0.1.2.1.2
12147,2.0.1.1.1.2
12147,1.0.1.1.1.2
12147,1.0.1.2.1.2
12147,2.1.1.1.1.2
12147,2.2.1.1.1.2
12147,2.3.1.1.1.2
12147,2.3.1.2.1.2
12149,0.0.0.1.0.0
12149,0.0.0.1.0.1
12149,0.1.0.1.0.1
12149,1.1.0.1.0.1
12149,1.1.0.1.1.1
12150,0.0.0.0.0.1
12150,0.0.0.0.0.2
12179,0.0.0.0.1.0
12179,0.0.0.0.1.1
12179,1.0.0.0.1.1
12179,1.0.1.0.1.1
12179,1.1.1.0.1.1
12179,1.2.1.0.1.1
12224,1.0.0.0.0.0
12224,1.1.0.0.0.0
12224,1.1.1.0.0.0
12224,2.1.1.0.0.0
12224,2.1.1.2.0.0
12245,1.0.0.0.0.0
12245,2.0.0.0.0.0
12245,2.0.1.0.0.0
12245,2.0.1.0.1.0
12245,2.1.1.0.1.0
12245,2.1.1.0.1.1
12245,2.1.1.1.1.1
12245,2.1.1.1.2.1
12247,0.0.0.0.1.0
12247,0.0.1.0.1.0
12247,0.1.1.0.1.0
12247,0.1.1.1.1.0
12247,1.1.1.1.1.0
12260,0.0.1.0.0.0
12260,0.0.2.0.0.0
12260,0.1.2.0.0.0
12260,0.1.2.0.1.0
12260,1.1.2.0.1.0
12260,1.1.2.0.1.1
12260,1.1.2.2.1.1
12260,1.1.2.2.2.1
12457,0.0.1.0.0.0
12457,0.0.1.0.1.0
12457,2.0.1.0.1.0
12457,2.0.1.1.1.0
12457,2.1.1.1.1.0
12458,0.0.0.1.0.0
12458,0.0.0.1.1.0
12458,0.1.0.1.1.0
12458,0.1.1.1.1.0
12458,1.1.1.1.1.0
12871,0.0.0.0.1.0
12871,0.0.0.0.2.0
12871,0.0.0.1.2.0
12871,0.0.0.2.2.0
12871,1.0.0.2.2.0
12871,1.1.0.2.2.0
12871,1.1.1.2.2.0
12871,1.1.1.2.2.1
12871,1.1.2.2.2.1
12871,1.1.2.2.2.6
12872,0.0.0.0.0.1
12872,1.0.0.0.0.1
12872,1.1.0.0.0.1
12872,1.1.1.0.0.1
12872,1.1.1.0.0.2
12872,1.2.1.0.0.2
12872,1.2.1.2.0.2
12872,1.2.1.1.0.2
12872,1.2.1.2.0.1
12872,1.2.2.2.0.1
12872,1.2.2.1.0.1
12872,1.2.2.2.0.6
12872,1.2.1.2.0.6
13080,0.0.0.1.0.0
13080,0.0.0.1.1.0
13080,0.0.0.1.1.1
13080,0.1.0.1.1.1
13080,1.1.0.1.1.1
13080,1.1.1.1.1.1
13080,1.2.1.1.1.1
13080,1.3.1.1.1.1
13080,1.3.1.1.1.2
13081,0.0.0.0.1.0
13081,0.0.0.1.1.0
13081,0.0.0.1.1.1
13081,1.0.0.1.1.1
13081,1.1.0.1.1.1
13081,2.1.0.1.1.1
13081,3.1.0.1.1.1
13081,4.1.0.1.1.1
13081,5.1.0.1.1.1
13081,5.1.1.1.1.1
13082,0.0.0.1.0.0
13082,0.0.0.1.1.0
13082,0.0.0.1.1.2
13082,0.0.2.1.1.2
13082,1.0.2.1.1.2
13082,1.1.2.1.1.2
13082,1.1.2.1.1.1
13083,0.0.0.0.0.1
13083,1.0.0.0.0.1
13083,1.1.0.0.0.1
13083,1.1.0.0.1.1
13083,1.1.1.0.1.1
13083,1.1.1.1.1.1
13083,1.1.2.1.1.1
13084,0.1.0.0.0.0
13084,1.1.0.0.0.0
13084,2.1.0.0.0.0
13084,2.1.1.0.0.0
13084,2.1.1.1.0.0
13084,2.1.1.2.0.0
13084,1.1.1.2.0.0
13084,1.1.1.2.0.1
13084,1.1.2.2.0.1
13084,2.1.2.2.0.1
13084,2.1.2.2.1.1
13085,0.0.1.0.0.0
13085,0.0.1.0.1.0
13085,0.0.1.1.1.0
13085,1.0.1.1.1.0
13085,1.0.1.1.1.1
13085,1.0.1.1.2.1
13086,0.0.0.0.0.1
13086,0.0.1.0.0.1
13086,0.1.1.0.0.1
13086,0.2.1.0.0.1
13086,0.2.2.0.0.1
13086,1.2.2.0.0.1
13086,1.2.2.0.0.2
13086,1.6.2.0.0.2
13086,1.6.2.1.0.2
13086,1.6.2.1.1.2
13086,1.6.2.2.1.2
13086,1.6.2.2.2.2
13086,1.6.1.2.2.2
13086,1.1.1.2.2.2
13086,1.1.2.2.2.2
13087,0.0.1.0.0.0
13087,0.0.1.0.0.1
13087,1.0.1.0.0.1
13087,1.0.1.0.1.1
13087,1.1.1.0.1.1
13087,1.1.1.0.2.1
13087,6.1.1.0.2.1
13087,5.1.1.0.2.1
13087,2.1.1.0.2.1
13087,2.1.1.2.2.1
13087,3.1.1.2.2.1
13087,3.2.1.7.2.1
13087,3.7.1.3.2.1
13088,0.0.0.0.1.0
13088,0.0.0.0.1.1
13089,0.1.0.0.0.0
13089,0.1.0.0.0.1
13089,1.1.0.0.0.1
13089,1.1.0.1.0.1
13089,1.1.1.1.0.1
13089,1.1.1.1.1.1
13089,1.1.1.1.3.1
13089,1.1.1.1.4.1
13089,2.1.1.1.4.1
13089,2.2.1.1.4.1
13089,2.2.1.2.4.1
13091,0.0.1.0.0.0
13091,0.0.1.0.0.1
13091,0.0.1.0.1.1
13091,0.1.1.0.1.1
13091,0.1.2.0.1.1
13091,1.1.2.0.1.1
13091,1.1.2.1.1.1
13091,1.1.1.1.1.1
13091,1.2.1.1.1.1
13092,0.0.0.0.1.0
13092,1.0.0.0.1.0
13092,1.0.1.0.1.0
13092,1.0.1.0.1.1
13092,1.1.1.0.1.1
13092,1.1.1.1.1.1
13092,1.1.1.1.1.2
13093,1.0.0.0.0.0
13093,1.0.0.0.0.1
13093,1.0.1.0.0.1
13093,1.0.1.0.0.2
13093,1.0.1.0.1.2
13093,1.0.1.1.1.2
13093,1.0.1.2.1.2
13093,1.0.1.3.1.2
13093,1.0.6.3.1.2
13093,1.1.6.3.1.2
13093,1.2.6.3.1.2
13093,2.2.6.3.1.2
13095,0.0.0.0.0.1
13095,0.0.0.0.0.2
13095,0.0.1.0.0.2
13095,0.0.2.0.0.2
13095,0.0.2.2.0.2
13095,0.0.2.1.0.2
13095,5.0.2.1.0.2
13095,1.0.2.1.0.2
13095,1.0.5.1.0.2
13095,2.0.6.1.0.2
13095,2.0.6.1.1.2
13095,2.0.2.1.6.2
13095,1.0.2.1.6.2
13095,2.1.2.1.6.2
13095,2.1.2.1.6.1
13095,1.1.2.1.6.1
13095,1.1.2.1.1.1
13095,1.1.2.1.2.1
13095,1.1.2.1.2.6
13165,0.0.0.0.0.1
13165,0.0.0.0.1.1
13165,0.0.0.1.1.1
13165,1.0.0.1.1.1
13165,1.1.0.1.1.1
13165,1.1.1.1.1.1
13165,1.1.1.1.1.2
13165,1.1.1.2.1.2
13165,2.1.1.2.1.2
13165,2.1.2.2.1.2
13165,2.2.2.2.1.2
13165,2.2.2.2.1.1
13166,1.0.0.0.0.0
13166,1.0.0.0.1.0
13166,1.0.0.1.1.0
13166,1.0.0.1.2.0
13166,2.0.0.1.2.0
13166,2.0.0.1.6.0
13166,2.0.0.1.6.1
13166,2.0.1.1.6.1
13166,2.1.1.1.6.1
13166,2.1.2.1.6.1
13167,0.0.0.0.0.1
13167,0.0.1.0.0.1
13167,0.0.1.1.0.1
13167,1.0.1.1.0.1
13167,1.0.1.1.1.1
13167,1.1.1.1.1.1
13167,1.1.2.1.1.1
13167,1.1.2.2.1.1
13348,0.0.1.0.0.0
13348,0.0.1.0.1.0
13348,0.1.1.0.1.0
13348,0.1.1.0.1.1
13348,0.1.1.1.1.1
13348,1.1.1.1.1.1
13348,1.2.1.1.1.1
13348,1.2.1.2.1.1
13348,1.2.2.2.1.1
13348,1.2.2.2.1.2
13348,2.2.2.2.1.2
13348,2.2.2.2.1.1
13349,0.0.0.0.1.0
13349,0.0.0.1.1.0
13349,0.0.0.1.1.1
13349,0.0.1.1.1.1
13349,1.0.1.1.1.1
13349,2.0.1.1.1.1
13349,2.1.1.1.1.1
13349,1.1.1.1.1.1
13350,0.0.0.0.0.1
13350,0.1.0.0.0.1
13350,0.2.0.0.0.1
13350,0.2.0.0.0.6
13350,0.2.0.1.0.6
13350,0.2.0.2.0.6
13350,0.2.0.2.1.6
13350,0.2.1.2.1.6
13350,1.2.1.2.1.6
13350,1.2.2.2.1.6
13350,2.2.2.2.1.6
13350,2.2.2.1.1.6
13350,2.2.2.2.1.2
13350,2.2.2.2.1.1
13350,2.2.2.2.3.6
13350,2.2.2.2.3.1
13351,0.0.0.0.0.1
13351,0.0.0.0.1.1
13351,0.0.0.1.1.1
13351,1.0.0.1.1.1
13351,1.0.1.1.1.1
13353,0.0.0.0.0.1
13353,0.0.0.0.1.1
13353,1.0.0.0.1.1
13353,1.1.0.0.1.1
13353,1.1.1.0.1.1
13353,1.1.1.1.1.1
13383,0.0.1.0.0.0
13383,0.1.1.0.0.0
13383,0.1.1.0.0.1
13383,0.1.1.1.0.1
13383,0.1.1.1.1.1
13383,1.1.1.1.1.1
13383,1.1.1.1.1.2
13383,1.6.1.1.1.2
13383,1.6.1.2.1.2
13383,3.6.1.2.1.2
13383,2.6.1.2.1.2
13384,0.0.0.1.0.0
13384,2.0.0.1.0.0
13384,2.0.0.1.2.0
13384,2.0.0.1.2.2
13384,2.0.0.5.2.2
13384,2.2.0.6.2.2
13384,2.1.0.6.2.2
13384,2.6.0.2.2.2
13384,2.6.0.2.2.1
13384,2.6.1.2.2.1
13384,1.6.1.2.2.1
13384,2.6.1.1.2.1
13385,1.0.0.0.0.0
13385,1.0.0.0.0.2
13385,1.0.0.0.0.1
13385,1.0.1.0.0.1
13385,1.1.1.0.0.1
13385,2.1.1.0.0.1
13385,2.1.1.2.0.1
13385,2.2.1.2.0.1
13385,2.2.1.2.1.1
13385,2.2.1.1.1.1
13385,2.3.1.1.1.1
13389,0.1.0.0.0.0
13389,0.2.0.0.0.0
13389,0.2.0.1.0.0
13389,0.2.0.2.0.0
13389,0.2.0.2.1.0
13389,0.2.0.2.1.1
13389,0.2.1.2.1.1
13389,1.2.1.2.1.1
13389,1.2.1.3.1.1
13389,1.2.1.5.1.1
13389,2.2.1.5.1.1
13389,2.2.1.2.1.1
13389,2.2.1.4.1.1
13389,2.2.1.1.1.1
4,0.0.0.0.0.1
4,0.0.0.1.0.1
4,0.1.0.1.0.1
4,0.1.1.1.0.1
4,1.1.1.1.0.1
4,1.1.1.2.0.1
4,1.1.1.1.0.2
4,1.1.1.2.0.2
4,1.2.1.2.0.2
4,1.1.1.2.1.2
6,0.1.0.0.0.0
6,0.2.0.0.0.0
6,0.2.0.0.1.0
6,0.1.0.0.1.0
6,0.5.0.0.1.0
6,0.5.0.1.1.0
6,0.5.0.2.1.0
6,0.5.0.3.1.0
6,0.5.0.3.2.0
6,0.1.0.3.1.0
6,0.2.0.3.1.0
9,0.0.0.0.0.1
9,0.0.0.1.0.1
9,0.0.0.1.1.1
9,1.0.0.1.1.1
9,1.1.0.1.1.1
9,1.1.1.1.1.1
9,1.1.1.2.1.1
10,0.0.0.0.1.0
10,0.1.0.0.1.0
10,0.1.0.0.1.1
10,0.1.0.1.1.1
10,1.1.0.1.1.1
10,1.1.2.1.1.1
10,1.1.2.1.2.1
10,1.1.2.2.2.1
10,1.1.2.3.2.1
11,0.0.0.0.0.1
11,0.1.0.0.0.1
11,0.1.0.0.2.1
11,1.1.0.0.2.1
13,0.1.0.0.0.0
13,0.1.1.0.0.0
13,0.1.1.0.0.1
13,0.1.1.1.0.1
13,1.1.1.1.0.1
13,1.1.1.1.2.1
13,1.1.1.1.1.1
14,0.0.0.1.0.0
14,0.0.0.1.0.1
14,0.0.0.1.1.1
14,1.0.0.1.1.1
14,1.1.0.1.1.1
14,1.1.1.1.1.1
15,0.0.0.0.0.1
15,0.0.1.0.0.1
15,0.0.1.0.1.1
15,0.0.1.1.1.1
15,1.0.1.1.1.1
15,1.1.1.1.1.1
15,1.1.1.1.2.1
15,1.1.1.2.2.1
15,1.1.1.2.1.1
16,0.0.0.0.0.3
16,0.0.1.0.0.3
16,0.0.2.0.0.3
16,0.2.2.0.0.3
16,0.6.2.0.2.3
16,0.1.2.0.2.3
16,0.1.2.1.2.3
16,0.2.2.1.2.3
18,0.0.0.1.0.0
18,0.0.0.1.0.2
18,0.1.0.1.0.2
18,0.1.0.1.1.2
18,1.1.0.1.1.2
18,1.1.1.1.1.2
19,0.0.1.0.0.0
19,0.0.1.2.0.0
19,0.0.1.2.1.0
19,0.1.1.2.1.0
19,1.1.1.2.1.0
19,1.1.1.2.1.1
19,1.1.2.2.1.1
19,1.1.2.2.2.1
20,1.0.0.0.0.0
20,2.0.0.0.0.0
20,2.2.0.0.0.0
20,2.2.1.0.0.0
20,2.2.1.1.0.0
20,2.2.1.1.1.0
20,2.2.1.1.1.1
20,1.2.1.1.1.1
20,2.2.1.2.1.1
21,2.0.0.0.0.0
21,2.0.1.0.0.0
21,2.0.1.0.0.1
21,2.0.1.1.0.1
21,2.1.1.1.0.1
21,2.1.1.1.1.1
21,1.1.1.1.1.1
21,1.1.1.2.1.1
21,1.2.1.2.1.1
21,1.6.1.2.2.1
21,1.1.1.2.2.1
21,1.2.1.2.6.1
21,1.6.1.1.2.1
21,1.6.1.2.1.1
22,0.0.0.0.1.0
22,0.1.0.0.1.0
22,1.1.0.0.1.0
22,1.1.0.0.1.2
22,1.1.1.0.1.2
22,1.1.1.1.1.2
22,1.1.2.1.1.2
22,1.1.2.2.1.2
023A,0.0.0.0.1.0
023A,1.0.0.0.1.0
023A,1.0.1.0.1.0
023A,1.0.1.0.1.1
023A,1.0.1.0.1.2
023A,1.1.1.0.1.2
023A,3.1.1.0.1.2
023A,3.1.2.0.1.2
023B,0.0.0.1.0.0
023B,0.0.0.1.1.0
023B,0.0.0.1.1.1
023B,0.1.0.1.1.1
023B,1.1.0.1.1.1
023B,1.1.1.1.1.1
25,0.0.0.0.0.1
25,0.0.0.0.0.2
25,0.0.0.0.1.2
25,0.1.0.0.1.2
25,0.1.1.0.1.2
25,0.1.1.1.1.2
25,1.1.1.1.1.2
25,1.1.1.2.1.2
25,1.3.1.2.1.2
25,1.3.1.1.1.2
25,2.3.1.2.1.2
25,2.3.1.1.1.2
27,1.0.0.0.0.0
27,2.0.0.0.0.0
27,2.1.0.0.0.0
27,2.1.1.0.0.0
27,2.1.1.0.2.0
27,2.1.1.0.2.1
27,1.1.1.0.2.1
27,1.1.1.0.1.1
27,1.1.1.2.1.1
27,2.1.1.2.1.1
27,1.1.1.1.1.1
27,1.1.1.1.2.1
27,2.1.1.1.2.1
28,1.0.0.0.0.0
28,1.0.1.0.0.0
28,2.0.1.0.0.0
28,2.1.1.0.0.0
28,2.2.1.0.0.0
28,2.2.2.0.0.0
28,2.2.2.1.0.0
28,2.1.2.1.0.0
28,2.1.1.1.0.0
28,1.2.2.1.0.0
28,1.2.2.1.1.0
28,1.2.2.1.1.1
28,2.2.2.1.1.1
28,2.2.2.1.1.3
28,2.2.2.2.1.3
28,2.2.2.2.6.3
28,2.2.2.1.6.3
28,2.1.2.1.1.3
28,2.1.2.1.2.3
28,2.1.2.2.2.3
29,2.0.0.0.0.0
29,2.1.0.0.0.0
29,2.1.1.0.0.0
29,2.1.1.0.0.1
29,2.1.1.1.0.1
29,2.1.1.1.1.1
30,0.0.0.0.0.1
30,0.0.0.1.0.1
30,0.0.0.1.1.1
30,1.0.0.1.1.1
30,1.0.1.1.1.1
30,1.1.1.1.1.1
30,1.2.1.1.1.1
30,2.1.1.1.1.1
30,1.1.1.2.1.1
30,1.1.1.2.2.1
30,1.1.2.2.2.1
30,2.1.2.2.2.1
30,2.1.1.2.2.1
30,2.1.1.2.2.2
31,0.0.1.0.0.0
31,1.0.1.0.0.0
31,1.1.1.0.0.0
31,1.1.2.0.0.0
31,1.1.2.0.1.0
31,1.1.2.1.1.0
31,1.1.2.2.1.0
31,1.2.2.2.1.0
31,1.2.2.2.6.2
31,2.2.2.2.6.2
31,2.2.2.2.1.2
31,2.2.2.2.2.2
31,2.2.1.2.1.2
32,0.0.0.0.0.1
32,0.0.1.0.0.1
32,0.0.1.0.1.1
32,0.0.1.0.2.1
32,0.1.1.0.2.1
32,1.1.1.0.2.1
32,2.1.1.0.2.1
32,2.1.1.1.2.1
33,0.0.2.0.0.0
33,0.0.2.0.0.2
33,0.0.2.0.1.2
33,0.1.2.0.1.2
33,1.1.2.0.1.2
33,1.1.2.0.1.1
33,1.1.2.0.2.1
33,1.1.2.0.2.2
035A,0.0.0.1.0.0
035A,0.0.0.1.1.0
035A,0.1.0.1.1.0
035A,1.1.0.1.1.0
035A,2.1.0.1.1.0
035A,1.1.1.1.1.0
035A,1.1.1.2.1.0
035A,2.1.1.2.1.0
035A,5.1.1.2.1.0
035A,5.1.1.2.1.2
035A,5.1.1.2.1.1
035A,5.1.1.2.2.1
035A,5.1.1.1.2.1
035B,1.0.0.0.0.0
035B,1.0.1.0.0.0
035B,1.0.1.1.0.0
035B,1.0.1.1.0.1
035B,1.0.1.2.0.1
035B,1.1.1.2.0.1
36,0.0.0.2.0.0
36,0.0.0.2.1.0
36,1.0.0.2.1.0
36,1.1.0.2.1.0
36,1.1.0.2.1.1
36,1.1.1.2.1.1
36,1.1.1.1.1.1
36,2.1.1.1.1.1
36,2.1.2.1.1.1
36,2.1.3.1.1.1
37,1.0.0.0.0.0
37,2.0.0.0.0.0
37,2.1.0.0.0.0
37,2.2.0.0.0.0
37,2.2.1.0.0.0
37,2.2.2.0.0.0
37,2.2.2.0.1.0
37,2.2.1.0.1.0
37,2.2.1.0.1.1
37,2.2.2.0.1.1
37,2.2.1.1.1.1
37,2.2.1.1.2.1
37,2.2.1.2.2.1
37,2.2.2.2.2.1
37,2.2.2.2.2.2
37,2.2.1.2.2.2
37,1.2.2.2.2.2
38,0.0.1.0.0.0
38,0.0.2.0.0.0
38,1.0.2.0.0.0
38,1.1.2.0.0.0
38,1.1.2.1.0.0
38,1.1.2.1.0.1
38,1.1.2.1.1.1
39,1.0.0.0.0.0
39,1.0.1.0.0.0
39,1.1.1.0.0.0
39,1.1.1.1.0.0
39,1.1.1.1.1.0
39,1.1.1.1.1.1
39,2.1.1.1.1.1
39,2.1.1.2.1.1
39,2.1.1.2.2.1
39,2.2.1.2.2.1
40,0.0.0.2.0.0
40,0.0.0.2.1.0
40,0.1.0.2.1.0
40,0.1.0.2.1.2
41,1.0.0.0.0.0
41,2.0.0.0.0.0
41,2.0.1.0.0.0
41,2.0.2.0.0.0
41,2.0.2.0.1.0
41,2.0.2.0.1.1
41,2.0.2.1.1.1
41,2.0.2.1.2.1
41,2.0.2.1.2.2
41,1.0.2.1.2.2
43,0.0.1.0.0.0
43,0.1.1.0.0.0
43,0.1.1.0.0.1
43,0.1.1.0.0.2
43,0.1.1.0.1.2
43,0.1.1.1.1.2
43,1.1.1.1.1.2
43,1.1.1.2.1.2
43,1.1.1.6.2.2
43,1.1.1.1.2.2
43,1.1.1.4.2.2
43,2.1.1.4.2.2
43,4.1.1.4.2.2
43,4.1.1.4.2.1
43,4.1.1.2.2.2
43,4.1.1.6.2.2
43,4.1.1.2.6.2
45,0.0.1.0.0.0
45,0.0.1.0.0.1
45,0.0.1.0.1.1
45,1.0.1.0.1.1
45,1.1.1.0.1.1
45,1.1.1.1.1.1
45,1.1.2.1.1.1
047A,0.0.0.1.0.0
047B,0.0.0.1.0.0
047B,0.0.0.1.0.1
047B,0.1.0.1.0.1
047B,0.1.0.1.1.1
047B,1.1.0.1.1.1
047B,1.1.1.1.1.1
047B,1.1.1.1.3.1
047B,1.2.1.1.3.1
047B,1.2.2.1.3.1
047B,1.2.6.1.3.2
047B,1.2.5.1.3.2
047B,1.2.5.1.3.1
047B,1.3.2.1.3.1
047B,1.3.2.1.1.1
49,0.0.0.1.0.0
49,0.0.0.1.0.1
49,0.0.0.1.1.1
49,0.0.1.1.1.1
50,0.0.0.0.1.0
50,0.0.0.0.1.1
52,0.0.0.0.1.0
52,0.0.0.1.1.0
52,0.0.0.2.1.0
053A,0.0.1.0.0.0
053A,0.0.1.0.0.1
053A,0.0.2.0.0.1
053A,0.0.3.0.0.1
053A,0.0.3.1.0.1
053A,0.1.3.1.0.1
053A,1.1.3.1.0.1
053A,1.1.2.1.0.1
053B,0.0.0.0.0.1
053B,0.1.0.0.0.1
053B,0.1.0.1.0.1
053B,0.1.1.1.0.1
053B,1.1.1.1.0.1
053B,1.1.1.1.1.1
053B,1.1.1.2.1.1
053B,1.2.1.2.1.1
053B,2.2.1.2.1.1
053B,2.2.2.2.1.1
053B,2.2.2.2.1.2
053B,2.2.2.1.1.2
56,0.0.1.0.0.0
56,0.0.1.1.0.0
56,0.0.1.1.0.1
56,1.0.1.1.0.1
56,1.0.1.1.1.1
56,1.1.1.1.1.1
57,0.0.0.0.0.1
57,0.0.0.0.1.1
57,0.0.0.1.1.1
57,1.0.0.1.1.1
57,1.1.0.1.1.1
57,1.1.1.1.1.1
57,1.1.1.2.1.1
57,1.1.1.2.1.2
57,1.1.1.2.1.3
57,2.1.1.2.1.3
57,2.1.1.2.1.4
57,2.1.1.1.1.4
58,0.0.0.0.0.1
58,0.1.0.0.0.1
58,1.1.0.0.0.1
58,1.1.0.1.0.1
58,1.1.0.1.1.1
58,1.1.0.1.1.2
59,1.0.0.0.0.0
59,1.1.0.0.0.0
59,1.1.0.1.0.0
60,2.0.0.0.0.0
60,2.0.0.1.0.0
60,2.0.0.2.0.0
60,2.0.0.2.1.0
60,2.0.1.2.1.0
60,2.0.1.2.1.1
60,2.1.1.2.1.1
60,2.1.1.1.1.1
61,0.0.0.0.0.1
61,1.0.0.0.0.1
61,1.0.0.0.1.1
61,1.1.0.0.1.1
61,1.1.0.1.1.1
62,0.0.1.0.0.0
62,0.0.1.0.1.0
62,1.0.1.0.1.0
62,1.1.1.0.1.0
62,1.1.1.0.1.1
62,1.1.1.0.1.2
62,1.1.1.0.2.1
63,0.0.0.0.1.0
63,0.0.0.0.1.1
63,0.0.0.0.2.6
63,0.0.0.0.2.1
63,0.0.1.0.2.1
63,0.1.1.0.2.1
63,1.1.1.0.2.1
63,1.1.2.0.2.1
63,1.1.2.0.2.2
63,1.1.2.2.2.2
63,1.1.2.3.2.2
63,1.1.2.3.2.1
64,0.2.0.0.0.0
64,0.2.0.2.0.0
64,0.2.0.2.1.0
64,0.6.0.2.2.0
64,1.6.0.2.2.0
64,1.6.2.2.2.0
64,1.6.2.2.2.1
64,1.1.2.2.2.1
64,1.1.2.1.2.1
65,0.0.0.0.1.0
65,0.0.0.0.1.1
65,0.0.1.0.1.1
65,0.1.1.0.1.1
65,1.1.1.0.1.1
65,1.1.1.1.1.1
65,1.1.2.1.1.1
66,0.0.0.0.0.1
66,0.0.0.0.0.2
66,0.0.0.0.1.2
66,0.0.0.1.1.2
66,0.0.0.2.1.2
66,0.0.0.2.2.2
66,0.0.1.2.2.2
66,0.0.2.2.2.2
66,0.1.2.2.2.2
66,0.2.2.2.2.2
66,0.2.2.1.2.2
68,0.0.0.0.1.0
68,0.0.1.0.1.0
68,0.0.1.1.1.0
68,1.0.1.1.1.0
68,1.1.1.1.1.0
68,1.1.1.1.1.1
70,0.0.0.0.0.1
70,0.0.0.0.0.2
70,0.0.0.0.1.1
71,0.0.0.1.0.0
71,0.0.0.1.1.0
71,0.1.0.1.1.0
71,0.1.0.1.1.1
71,1.1.0.1.1.1
71,1.2.0.1.1.1
71,1.2.1.1.1.1
71,1.1.1.1.1.1
71,1.1.1.1.2.1
71,1.1.2.1.1.1
72,0.2.0.0.0.0
72,0.2.0.0.1.0
72,0.2.0.0.2.0
73,0.0.0.0.1.0
73,1.0.0.0.1.0
73,1.0.0.1.1.0
73,1.1.0.1.1.0
73,1.1.0.1.2.0
73,1.2.0.1.2.0
73,1.2.0.1.2.2
74,0.0.0.0.0.1
74,0.0.1.0.0.1
74,0.0.1.1.0.1
74,1.0.1.1.0.1
74,1.1.1.1.0.1
74,1.1.1.1.1.1
76,0.0.1.0.0.0
76,0.0.2.0.0.0
76,0.0.2.0.0.1
76,0.1.2.0.0.1
76,0.2.2.0.0.1
76,0.2.2.0.0.2
76,0.2.2.0.1.2
76,1.2.2.0.1.2
76,1.2.2.1.1.2
76,1.2.2.1.1.1
77,1.0.0.0.0.0
77,1.1.0.0.0.0
77,1.1.1.0.0.0
77,1.1.1.0.0.1
77,1.1.1.1.0.1
77,1.1.1.1.1.1
77,1.1.1.2.1.1
77,1.1.1.6.2.1
77,1.1.1.2.2.1
77,1.1.1.1.2.1
77,2.1.1.1.2.1
77,2.1.1.1.2.2
77,1.1.1.1.2.2
78,1.0.0.0.0.0
78,1.1.0.0.0.0
78,1.1.1.0.0.0
78,1.1.1.0.0.1
78,1.1.1.1.0.1
78,1.1.1.1.1.1
79,0.0.0.0.0.1
79,0.0.0.1.0.1
79,1.0.0.1.0.1
79,1.2.0.1.0.1
79,1.2.0.1.1.1
79,1.2.0.1.2.1
79,1.2.0.1.6.1
79,1.2.1.1.6.1
79,2.2.1.1.6.1
79,2.2.2.1.6.1
80,0.0.0.1.0.0
80,0.0.0.1.1.0
80,0.0.0.1.1.1
80,0.0.1.1.1.1
80,0.1.1.1.1.1
80,0.1.1.1.1.2
80,0.1.1.1.2.2
80,0.1.1.2.2.2
81,0.0.0.1.0.0
81,1.0.0.1.0.0
81,1.0.0.1.1.0
81,1.0.1.1.1.0
82,0.0.0.0.0.1
82,0.0.1.0.0.1
82,0.1.1.0.0.1
82,1.1.1.0.0.1
82,1.1.1.0.1.1
82,1.1.2.0.1.1
82,1.1.2.0.1.2
82,1.1.2.2.1.2
86,0.0.0.1.0.0
86,0.1.0.1.0.0
86,0.1.0.1.0.1
86,0.1.0.1.1.1
86,0.1.1.1.1.1
86,1.1.1.1.1.1
87,0.1.0.0.0.0
87,0.1.0.0.0.1
87,0.1.0.1.0.1
87,0.1.0.2.0.1
87,0.2.0.2.0.1
87,1.2.0.2.0.1
87,2.2.0.2.0.1
87,2.2.0.2.1.1
87,2.2.1.2.1.1
87,2.2.2.2.1.1
87,1.2.2.2.1.1
88,0.0.0.0.0.1
88,0.1.0.0.0.1
88,1.1.0.0.0.1
88,1.1.0.1.0.1
88,1.1.0.1.1.1
88,1.1.1.1.1.1
88,1.1.1.1.1.2
88,1.1.1.2.1.2
89,0.0.1.0.0.0
89,0.0.2.0.0.0
89,0.2.1.0.0.0
89,0.2.1.0.0.1
89,0.2.1.0.1.1
89,0.2.1.0.1.2
89,0.2.5.0.1.1
89,0.2.6.0.1.2
89,0.2.6.0.2.2
89,0.2.6.1.2.2
89,1.2.6.1.2.2
89,1.2.2.1.2.6
89,1.2.2.1.2.1
89,1.2.1.1.2.1
89,2.2.1.1.2.1
89,2.2.1.1.1.1
89,1.2.1.1.1.1
89,1.2.1.1.1.2
90,1.0.0.0.0.0
90,1.0.0.0.0.1
90,1.0.0.1.0.1
90,1.0.1.1.0.1
90,1.2.1.1.0.1
90,1.1.1.1.0.1
90,1.1.1.1.2.1
90,1.1.1.1.1.1
91,1.0.0.0.0.0
91,1.1.0.0.0.0
91,1.1.1.0.0.0
91,1.1.1.1.0.0
91,1.1.1.1.1.0
91,1.2.1.1.1.0
91,1.2.1.1.1.1
91,1.2.1.1.2.6
92,0.0.0.0.0.1
92,0.0.1.0.0.1
92,1.0.1.0.0.1
92,1.0.1.1.0.1
92,1.0.1.1.1.1
94,0.0.0.0.0.1
94,0.0.0.1.0.1
94,1.0.0.1.0.1
94,1.0.1.1.0.1
94,1.1.1.1.0.1
94,1.1.1.1.1.1
95,2.0.0.0.0.0
95,2.0.0.1.0.0
95,2.0.0.1.0.1
95,2.0.0.1.0.2
95,2.1.0.1.0.2
95,2.1.0.1.0.1
95,2.1.0.1.1.1
95,2.1.0.1.2.1
95,2.1.0.1.5.1
95,2.1.0.1.4.1
95,2.1.1.1.2.1
95,2.1.2.1.2.1
95,2.1.2.2.6.1
95,2.1.2.2.6.2
96,0.0.0.1.0.0
96,0.0.0.1.1.0
96,0.0.0.1.1.1
96,0.0.0.1.1.2
96,0.0.1.1.1.2
96,0.0.1.2.1.2
97,1.0.0.0.0.0
97,1.0.0.1.0.0
97,1.1.0.1.0.0
97,1.1.0.1.0.1
97,1.1.2.1.0.1
97,1.1.2.1.1.1
97,1.1.2.2.1.1
97,2.1.2.2.1.1
97,2.1.2.1.1.1
98,1.0.0.0.0.0
98,1.0.1.0.0.0
99,0.0.0.0.0.1
99,0.0.1.0.0.1
99,0.0.1.1.0.1
99,0.0.1.1.1.1
99,0.1.1.1.1.1
99,1.1.1.1.1.1
101,1.0.0.0.0.0
101,1.0.0.0.1.0
101,1.1.0.0.1.0
101,1.1.1.0.1.0
101,1.1.2.0.1.0
101,1.1.2.1.1.0
101,1.1.2.1.1.1
101,1.1.2.2.1.1
101,1.1.1.1.1.1
101,1.1.2.2.2.1
101,1.2.2.2.2.1
101,2.1.2.2.2.1
102,0.0.1.0.0.0
102,0.0.1.0.1.0
102,0.0.1.0.2.0
102,0.0.1.1.2.0
102,0.1.1.1.2.0
102,0.1.1.1.2.1
102,1.1.1.1.2.1
102,1.1.1.1.1.1
102,1.1.1.1.1.2
103,0.0.1.0.0.0
103,0.0.1.0.0.1
103,0.0.1.0.1.1
103,0.0.1.2.1.1
103,0.0.1.1.1.1
103,1.0.1.2.1.1
103,1.0.1.1.1.1
103,5.0.1.1.1.1
105,1.0.0.0.0.0
105,1.1.0.0.0.0
105,1.1.0.0.1.0
105,1.1.0.0.1.1
105,1.1.1.0.1.1
105,1.1.1.1.1.1
106,0.0.0.0.1.0
106,0.1.0.0.1.0
106,0.1.1.0.1.0
106,0.1.1.1.1.0
107,0.0.0.1.0.0
107,0.0.0.2.0.0
107,0.0.0.2.1.0
107,0.1.0.2.1.0
107,0.1.1.2.1.0
107,0.1.2.2.1.0
107,1.1.2.2.1.0
107,1.1.2.2.1.1
108,0.0.0.0.0.1
108,0.0.0.1.0.1
108,0.0.0.1.1.1
108,0.1.0.1.1.1
108,0.1.1.1.1.1
108,0.1.2.1.1.1
108,1.1.2.1.1.1
108,1.1.2.1.2.1
108,1.1.2.1.2.2
109,0.0.0.0.0.1
109,1.0.0.0.0.1
109,1.0.2.0.0.1
109,1.1.2.0.0.1
109,1.1.2.0.1.1
109,1.1.2.1.1.1
110,0.0.0.0.1.0
110,0.0.1.0.1.0
110,0.1.1.0.1.0
110,0.1.1.1.1.0
110,0.1.1.1.1.1
110,0.2.1.1.1.1
110,2.2.1.1.1.1
110,1.2.1.1.1.1
111,0.0.0.0.1.0
111,0.0.0.1.1.0
112,0.0.0.0.1.0
112,1.0.0.0.1.0
112,1.0.1.0.1.0
112,1.1.1.0.1.0
112,1.1.1.0.1.1
112,1.1.1.1.1.1
112,2.1.1.1.1.1
112,2.1.2.1.1.1
112,2.1.2.1.2.1
112,2.1.2.1.2.2
112,2.1.2.2.2.2
113,1.0.0.0.0.0
113,1.0.0.0.0.1
113,1.0.1.0.0.1
113,1.0.1.0.1.1
113,1.1.1.0.1.1
113,1.1.1.1.1.1
113,1.1.1.1.1.2
114,0.0.1.0.0.0
114,0.0.1.0.0.1
114,1.0.1.0.0.1
114,1.0.1.1.0.1
114,1.0.1.1.1.1
114,1.1.1.1.1.1
115,0.0.1.0.0.0
115,0.0.1.0.0.1
115,0.0.1.0.1.1
115,0.0.1.2.1.1
115,1.0.1.2.1.1
115,1.1.1.2.1.1
115,1.1.1.1.1.1
116,1.0.0.0.0.0
116,1.0.1.0.0.0
116,1.1.1.0.0.0
116,1.1.1.0.1.0
116,1.1.1.0.1.1
116,2.1.1.0.1.1
116,2.1.1.1.1.1
116,1.1.1.1.1.1
117,0.0.1.0.0.0
117,0.1.1.0.0.0
117,0.1.2.0.0.0
117,1.1.2.0.0.0
117,1.2.2.0.0.0
117,2.6.2.0.0.0
117,2.6.1.0.0.0
117,1.6.1.0.0.0
117,1.6.1.1.0.0
117,1.6.1.1.1.0
117,1.6.1.1.1.1
117,1.6.1.1.1.2
117,1.6.2.1.1.2
117,1.2.2.1.1.2
117,1.6.2.1.2.2
117,1.6.1.1.2.2
118,0.0.0.0.1.0
118,0.0.0.0.1.1
118,1.0.0.0.1.1
118,1.0.0.1.1.1
118,1.1.0.1.1.1
118,2.1.0.1.1.1
119,0.1.0.0.0.0
119,1.1.0.0.0.0
119,1.1.0.0.1.0
119,1.1.0.0.1.1
119,1.1.0.1.1.1
119,1.1.1.1.1.1
121,0.1.0.0.0.0
121,0.1.1.0.0.0
121,0.1.1.0.0.1
121,0.1.1.0.1.1
121,0.1.1.1.1.1
121,0.2.1.1.1.1
121,1.2.1.1.1.1
121,1.2.1.1.1.2
121,1.1.1.1.1.2
121,1.2.1.2.1.2
121,1.1.1.2.1.2
122,0.0.0.0.0.1
122,0.0.0.0.1.1
122,0.0.0.1.1.1
122,0.0.1.1.1.1
122,0.1.1.1.1.1
123,0.0.0.1.0.0
123,0.0.0.1.0.1
123,0.0.0.2.0.1
123,1.0.0.1.0.1
123,2.0.0.1.0.1
123,6.0.0.2.0.1
123,6.0.0.2.1.1
123,6.0.0.1.1.1
123,1.0.0.1.1.1
123,1.0.0.1.2.1
123,1.0.0.2.6.1
123,1.0.0.2.5.1
123,1.0.0.1.5.1
124,0.0.0.1.0.0
124,0.0.0.1.1.0
124,0.0.0.2.1.0
124,0.0.0.2.1.1
124,1.0.0.2.1.1
124,1.0.0.2.1.2
124,1.0.1.2.1.2
124,1.0.1.1.1.2
125,0.0.1.0.0.0
125,0.0.1.0.1.0
125,1.0.1.0.1.0
125,1.0.1.1.1.0
125,1.1.1.1.1.0
125,1.1.1.1.1.1
125,1.2.1.1.1.1
125,1.2.2.1.1.1
125,1.2.2.1.1.2
125,1.2.2.1.2.2
125,2.2.2.1.2.2
125,2.2.2.1.1.2
126,0.0.0.1.0.0
126,0.0.0.1.1.0
126,0.0.0.1.1.1
126,1.0.0.1.1.1
126,1.0.1.1.1.1
126,1.0.2.1.1.1
126,1.1.2.1.1.1
126,1.1.2.2.1.1
126,1.1.2.2.1.4
126,1.1.2.1.1.4
126,1.1.1.1.1.4
127,0.0.0.2.0.0
127,0.0.0.2.2.0
127,0.0.2.2.2.0
127,0.0.2.2.1.0
127,0.1.2.2.1.0
127,0.1.2.2.2.0
127,0.6.2.2.2.0
127,0.6.2.2.1.0
127,0.6.1.2.1.0
127,2.6.1.2.1.0
127,2.6.1.2.1.1
127,2.6.1.1.1.1
127,2.6.1.2.1.2
128,0.0.0.0.1.0
128,0.0.0.1.1.0
128,0.0.0.1.1.1
128,1.0.0.1.1.1
128,1.1.0.1.1.1
128,1.1.1.1.1.1
128,1.1.1.3.1.1
128,1.1.1.3.3.1
128,1.1.1.4.3.1
128,1.1.1.4.1.1
129,0.0.0.0.1.0
129,0.0.0.0.1.1
129,0.0.1.0.1.1
129,1.0.1.0.1.1
129,1.1.1.0.1.1
129,1.1.1.1.1.1
130,1.0.0.0.0.0
130,1.1.0.0.0.0
130,1.1.1.0.0.0
130,1.1.1.1.0.0
130,1.1.1.1.0.1
130,1.1.1.1.1.1
131,1.0.0.0.0.0
131,1.0.0.1.0.0
131,1.1.0.1.0.0
131,1.1.0.1.1.0
131,1.1.0.1.1.1
131,1.1.1.1.1.1
131,1.1.2.1.1.1
1001,0.0.0.1.0.0
1001,1.0.0.1.0.0
1001,4.1.0.1.0.0
1001,4.1.1.1.0.0
1001,4.1.1.1.0.1
1001,4.1.1.1.1.1
1001,4.1.1.1.1.2
1002,0.0.1.0.0.0
1002,0.0.1.0.1.0
1002,0.0.1.1.1.0
1002,1.0.1.1.1.0
1002,1.0.1.1.1.1
1002,1.1.1.1.1.1
1003,1.0.0.0.0.0
1003,1.0.0.0.1.0
1003,1.0.0.1.1.0
1003,1.0.0.1.2.0
1003,1.0.2.1.2.0
1003,1.1.2.1.2.0
1003,1.1.2.1.2.1
1003,1.1.2.1.1.1
1003,1.1.2.2.1.1
1003,2.1.2.2.1.1
1003,2.1.2.2.1.2
1003,2.1.2.2.1.6
1005,0.0.1.0.0.0
1005,0.0.1.0.0.1
1005,1.0.1.0.0.1
1005,1.0.1.1.0.1
1005,1.0.1.1.1.1
1005,1.1.1.1.1.1
1006,0.0.1.0.0.0
1006,0.0.1.0.1.0
1006,0.0.1.0.1.1
1006,0.0.1.0.1.2
1006,0.0.1.1.1.2
1006,0.1.1.1.1.2
1006,1.1.1.1.1.2
1006,1.1.2.1.1.2
1006,1.1.2.2.1.2
1006,1.1.2.2.3.2
1006,1.1.2.2.3.1
1006,2.1.2.2.3.1
1007,0.1.0.0.0.0
1007,0.1.1.0.0.0
1007,0.1.1.0.1.0
1007,0.2.1.0.1.0
1007,1.2.1.0.1.0
1007,1.2.1.1.1.0
1007,1.2.1.1.1.1
1007,3.2.1.1.1.1
1007,3.2.1.1.2.1
1007,3.1.1.1.2.1
1007,3.2.1.1.2.6
1008,0.0.0.0.1.0
1008,0.0.0.0.1.2
1008,0.0.0.0.1.1
1008,0.0.0.1.1.1
1008,0.0.1.1.1.1
1008,0.1.1.1.1.1
1008,1.1.1.1.1.1
1008,1.2.1.1.1.1
1009,0.0.1.0.0.0
1009,0.1.1.0.0.0
1009,1.1.1.0.0.0
1009,1.1.1.1.0.0
1009,1.1.1.1.1.0
1009,1.1.1.1.1.1
1009,1.1.1.1.2.1
1010,0.0.1.0.0.0
1010,1.0.1.0.0.0
1010,1.0.1.1.0.0
1010,1.0.1.1.1.0
1010,1.1.1.1.1.0
1010,1.1.1.1.2.0
1010,1.1.1.1.1.1
1011,0.0.1.0.0.0
1011,0.0.1.0.1.0
1011,1.0.1.0.1.0
1011,1.1.1.0.1.0
1011,1.1.1.0.1.1
1012,0.0.1.0.0.0
1012,0.0.1.0.1.0
1012,0.1.1.0.1.0
1012,1.1.1.0.1.0
1012,1.1.1.0.1.2
1012,1.1.1.0.2.2
1012,1.2.1.0.6.2
1012,1.2.1.1.6.2
1012,2.2.1.1.6.2
1013,0.0.1.0.0.0
1013,0.0.1.1.0.0
1013,0.0.1.1.0.1
1013,0.1.1.1.0.1
1013,0.1.1.1.1.1
1013,1.1.1.1.1.1
1013,1.1.1.1.2.1
1014,0.0.1.0.0.0
1014,0.1.1.0.0.0
1014,0.2.1.0.0.0
1014,1.2.1.0.0.0
1014,1.2.1.1.0.0
1014,1.2.2.1.0.0
1014,2.2.2.1.0.0
1014,2.2.2.1.0.1
1014,2.2.2.1.1.1
1015,0.0.0.1.0.0
1015,1.0.0.1.0.0
1015,1.0.1.1.0.0
1015,1.1.1.1.0.0
1015,1.1.1.1.1.0
1016,0.0.1.0.0.0
1016,0.0.2.0.0.0
1016,0.1.2.0.0.0
1016,0.1.1.0.0.0
1016,0.2.6.0.0.0
1016,0.6.2.0.0.0
1016,1.6.2.0.0.0
1016,1.1.2.0.0.0
1016,1.1.2.0.1.0
1016,1.1.2.0.1.1
1016,1.1.2.1.1.1
1016,1.2.2.1.1.1
1016,2.2.2.1.1.1
1016,3.2.2.1.1.1
1016,4.2.2.1.1.1
1016,4.2.2.1.2.1
1016,2.2.2.1.2.1
1016,4.2.2.2.2.1
1016,4.2.2.2.7.1
1016,4.2.2.2.1.1
1018,0.0.0.0.0.1
1018,0.0.1.0.0.1
1018,0.0.1.1.0.1
1018,1.0.1.1.0.1
1018,1.1.1.1.0.1
1018,1.1.1.1.1.1
1018,1.1.1.1.2.1
1018,1.1.1.2.2.1
1018,2.1.1.2.2.1
1018,2.1.1.2.2.2
1018,2.1.2.2.2.2
1019,0.0.0.1.0.0
1019,1.0.0.1.0.0
1019,1.1.0.1.0.0
1019,1.1.0.2.0.0
1019,1.1.0.2.1.0
1019,1.1.0.2.1.1
1020,0.0.0.0.0.1
1020,0.1.0.0.0.1
1020,1.1.0.0.0.1
1020,2.1.0.0.0.1
1020,2.1.0.0.1.1
1020,2.1.1.0.1.1
1020,2.1.2.0.1.1
1020,2.2.2.0.1.1
1020,2.6.2.0.1.2
1020,2.6.2.0.1.6
1020,2.6.1.0.1.6
1020,2.2.2.0.1.6
1021,0.0.0.0.1.0
1021,1.0.0.0.1.0
1021,1.1.0.0.1.0
1021,1.1.1.0.1.0
1021,1.1.1.1.1.0
1021,1.2.1.1.1.0
1021,1.2.1.1.1.1
1022,1.0.0.0.0.0
1022,1.0.1.0.0.0
1022,1.0.1.0.1.0
1022,1.0.1.0.1.1
1022,1.0.2.0.1.1
1022,1.1.2.0.1.1
1022,2.1.2.0.1.1
1022,2.1.2.0.1.2
1022,2.1.2.0.2.6
1022,2.1.2.0.2.2
1022,2.1.1.0.2.2
1022,2.1.1.1.2.2
1022,2.1.2.1.2.2
1022,2.1.2.2.2.2
1022,2.2.2.2.6.2
1022,2.2.1.2.6.2
1023,0.0.0.1.0.0
1023,0.0.0.2.0.0
1023,0.0.0.2.1.0
1023,1.0.0.2.1.0
1023,1.0.0.2.2.0
1023,1.0.1.2.2.0
1023,1.1.1.2.2.0
1023,1.1.1.2.2.1
1023,1.1.1.1.2.1
1025,1.0.0.0.0.0
1025,2.0.0.0.0.0
1025,2.1.0.0.0.0
1025,2.1.1.0.0.0
1025,2.1.1.0.0.1
1025,2.1.1.0.1.1
1025,2.1.1.1.1.1
1026,0.1.0.0.0.0
1026,0.1.1.0.0.0
1026,1.1.1.0.0.0
1026,1.1.1.0.1.0
1026,1.1.1.0.1.1
1026,1.1.1.1.1.1
1026,2.1.1.1.1.1
1026,6.1.1.2.1.1
1026,6.1.1.2.1.2
1026,6.1.1.2.1.3
1026,6.1.2.2.1.3
1026,1.1.2.2.1.3
1026,1.1.1.2.1.3
1027,1.0.0.0.0.0
1027,1.0.0.2.0.0
1027,1.0.0.1.0.0
1027,1.2.0.1.0.0
1027,1.2.1.1.0.0
1027,1.2.1.1.1.0
1027,1.2.1.1.1.1
1028,0.0.0.0.0.2
1028,0.0.1.0.0.2
1028,2.0.1.0.0.2
1028,2.0.1.1.0.2
1028,2.0.1.1.1.2
1028,2.0.1.2.1.2
1028,2.0.1.6.2.2
1028,2.2.1.6.2.2
1028,2.2.2.6.2.2
1028,2.2.2.6.2.1
1029,0.0.1.0.0.0
1029,0.0.1.0.0.1
1029,0.0.1.0.1.1
1029,0.0.1.1.1.1
1029,1.0.1.1.1.1
1029,1.0.1.1.1.2
1029,1.0.2.1.1.2
1029,1.0.3.1.1.2
1029,1.1.3.1.1.2
1029,1.2.3.1.1.2
1029,1.2.3.1.2.2
1030,0.0.0.0.1.0
1030,0.0.0.0.1.1
1030,0.0.0.1.1.1
1030,1.0.0.1.1.1
1030,1.0.1.1.1.1
1030,1.1.1.1.1.1
1031,0.0.0.0.0.1
1031,0.0.0.1.0.1
1031,0.1.0.1.0.1
1031,0.1.0.1.1.1
1031,0.1.0.2.1.1
1031,0.1.1.2.1.1
1031,1.1.1.2.1.1
1031,1.1.1.2.1.2
1031,1.1.1.2.1.3
1031,1.1.1.1.1.3
1031,1.1.1.0.1.3
1032,1.0.0.0.0.0
1032,1.0.0.1.0.0
1032,2.0.0.1.0.0
1032,2.0.1.1.0.0
1032,2.1.1.1.0.0
1032,2.1.1.1.1.0
1032,2.1.1.1.1.1
1032,1.1.1.1.1.1
1032,2.1.1.1.2.1
1032,2.1.1.1.3.1
1032,1.1.1.1.3.1
1033,1.0.0.0.0.0
1033,1.0.1.0.0.0
1033,1.1.1.0.0.0
1033,1.1.1.0.0.1
1033,1.1.1.0.1.1
1033,1.1.1.1.1.1
1033,1.1.1.1.2.1
1033,1.1.2.1.2.1
1033,2.1.2.1.2.1
1034,0.0.0.0.0.1
1034,0.0.0.0.1.1
1034,1.0.0.0.1.1
1034,1.1.0.0.1.1
1034,1.1.1.0.1.1
1034,1.1.1.1.1.1
1034,1.1.1.1.2.1
1034,1.1.1.2.2.1
1034,1.1.1.2.2.2
1034,1.1.1.2.2.3
1034,1.1.1.1.2.3
1035,0.1.0.0.0.0
1035,0.1.0.0.0.1
1035,1.1.0.0.0.1
1035,1.1.0.0.1.1
1035,1.1.0.1.1.1
1035,1.1.2.1.1.1
1035,1.1.1.1.1.1
1037,0.0.0.0.0.1
1037,0.0.0.1.0.1
1037,1.0.0.1.0.1
1037,1.0.1.1.0.1
1037,1.0.2.1.0.1
1037,1.0.2.1.0.2
1037,1.0.2.1.1.2
1037,1.0.2.1.1.1
1037,1.0.1.1.1.1
1037,1.0.3.1.1.1
1037,1.0.4.1.1.1
1037,1.0.5.1.1.1
1037,1.0.3.1.1.2
1037,1.0.4.1.1.2
1037,1.0.5.1.1.2
1039,0.0.0.1.0.0
1039,1.0.0.1.0.0
1039,1.0.0.2.0.0
1040,0.0.0.1.0.0
1040,0.0.1.1.0.0
1040,2.0.1.1.0.0
1040,1.0.1.1.0.0
1040,1.0.1.1.0.2
1040,1.0.1.2.0.2
1040,1.0.1.2.1.2
1040,1.1.1.2.1.2
1040,2.1.1.2.1.2
1040,3.1.1.2.1.2
1040,2.1.1.1.1.2
1041,0.0.2.0.0.0
1041,0.0.2.0.0.1
1041,0.0.2.1.0.1
1041,0.0.2.1.1.1
1041,0.1.2.1.1.1
1041,1.1.2.1.1.1
1041,2.1.2.1.1.1
1041,2.2.2.1.1.1
1041,1.2.2.1.1.1
1042,0.0.0.0.0.2
1042,0.0.0.0.1.2
1042,0.0.0.0.2.2
1042,1.0.0.0.2.2
1042,2.0.0.0.2.2
1042,2.0.1.0.2.2
1042,2.0.2.0.2.6
1042,2.2.2.0.2.6
1042,1.2.2.0.2.6
1042,1.2.2.0.2.2
1042,1.2.2.0.2.1
1043,1.0.0.0.0.0
1043,1.0.0.2.0.0
1043,1.1.0.2.0.0
1043,1.1.1.2.0.0
1043,1.1.1.2.1.0
1043,1.1.1.2.1.1
1043,1.1.1.2.1.2
1043,1.1.1.1.1.2
1043,1.1.1.3.1.2
1043,1.1.1.3.2.2
1044,0.0.0.0.0.1
1044,0.1.0.0.0.1
1044,0.1.0.1.0.1
1044,0.1.0.2.0.1
1044,0.1.1.2.0.1
1044,0.1.2.2.0.1
1045,2.0.0.0.0.0
1045,2.1.0.0.0.0
1046,0.0.1.0.0.0
1046,0.0.1.0.0.1
1046,0.0.1.1.0.1
1046,1.0.1.1.0.1
1046,1.1.1.1.0.1
1046,1.1.1.1.1.1
1046,1.1.1.1.2.1
1046,1.1.1.1.3.1
1046,1.1.1.1.4.1
1046,1.1.1.1.5.1
1046,1.1.1.1.6.1
1047,2.0.0.0.0.0
1047,2.0.0.2.0.0
1047,2.0.0.1.0.0
1047,2.0.0.5.0.0
1047,2.0.0.6.2.0
1047,2.1.0.6.2.0
1047,2.1.0.6.2.2
1047,2.1.0.6.1.2
1047,2.1.0.2.2.2
1047,2.1.1.6.2.2
1047,2.2.1.6.2.2
1047,2.2.1.6.6.2
1049,0.0.0.0.0.1
1049,0.0.0.0.1.1
1049,0.0.0.1.1.1
1049,0.1.0.1.1.1
1049,0.1.0.1.1.2
1049,1.1.0.1.1.2
1049,2.1.0.1.1.2
1049,2.1.0.1.2.2
1049,2.2.0.1.6.2
1049,2.2.0.1.5.2
1049,2.2.0.1.1.2
1049,2.2.0.2.1.2
1049,2.2.1.2.1.2
1050,0.0.0.0.1.0
1050,0.0.1.0.1.0
1050,1.0.1.0.1.0
1050,1.1.1.0.1.0
1050,1.1.1.0.1.1
1050,1.1.1.1.1.1
1051,1.0.0.0.0.0
1051,1.0.1.0.0.0
1051,1.1.1.0.0.0
1051,1.1.1.1.0.0
1051,1.1.1.1.1.0
1051,1.1.1.1.1.1
1051,1.1.1.2.1.1
1051,1.1.1.2.1.2
1051,1.1.1.2.1.3
1051,1.1.0.2.1.3
1052,0.0.0.2.0.0
1052,0.0.1.2.0.0
1052,0.0.2.2.0.0
1052,0.0.2.2.0.1
1052,0.0.2.2.1.1
1052,0.1.2.2.1.1
1052,1.1.2.2.1.1
1052,1.2.2.2.1.1
1052,1.2.2.2.1.2
1052,1.1.2.2.1.2
1052,3.1.2.2.1.2
1053,2.0.0.0.0.0
1053,2.1.0.0.0.0
1053,2.1.1.0.0.0
1053,2.1.1.0.1.0
1053,2.1.1.1.1.0
1053,2.1.1.1.1.1
1053,2.1.1.1.1.2
1053,1.1.1.1.1.2
1054,1.0.0.0.0.0
1054,1.1.0.0.0.0
1054,1.1.1.0.0.0
1054,1.1.1.1.0.0
1054,1.1.2.1.0.0
1054,1.1.1.1.1.0
1054,1.1.1.1.1.1
1054,2.1.1.1.1.1
1054,2.2.1.1.1.1
1054,3.2.1.1.1.1
1054,3.2.1.2.1.1
1054,1.2.1.2.1.1
1055,0.0.0.1.0.0
1055,0.0.0.2.0.0
1055,0.0.0.2.0.1
1055,0.0.0.2.0.2
1055,0.1.0.2.0.2
1055,0.1.1.2.0.2
1055,1.1.1.2.0.2
1055,1.2.1.2.0.2
1055,2.2.1.2.0.2
1055,2.2.1.2.1.2
1055,2.3.1.2.1.2
1055,2.3.1.2.1.1
1055,1.3.1.2.1.2
1055,2.3.1.2.1.0
1056,0.0.0.0.0.1
1056,0.0.0.0.0.2
1056,0.0.0.0.1.2
1056,0.0.0.1.1.2
1056,0.0.0.2.1.2
1056,0.0.0.3.1.2
1056,1.0.0.3.1.2
1056,1.0.0.2.1.2
1056,1.0.0.2.2.2
1056,1.0.0.3.2.2
1056,1.0.0.4.2.2
1056,1.0.3.2.2.2
1056,1.0.3.1.2.2
1056,1.0.3.1.2.1
1056,1.2.3.1.2.1
1056,1.2.1.1.2.1
1056,1.2.1.1.2.3
1056,1.1.1.1.2.3
1057,0.0.0.0.0.1
1057,0.1.0.0.0.1
1057,1.1.0.0.0.1
1057,1.1.0.1.0.1
1057,1.1.0.1.1.1
1057,1.1.1.1.1.1
1058,0.0.0.1.0.0
1058,0.0.0.2.0.0
1058,1.0.0.2.0.0
1058,1.0.0.2.0.1
1058,2.0.0.2.0.1
1058,2.0.1.2.0.1
1058,2.0.1.1.0.1
1058,2.1.1.2.0.1
1058,2.1.1.2.0.2
1058,2.1.1.1.0.2
1058,6.2.1.2.0.2
1059,0.0.0.0.0.1
1059,0.1.0.0.0.1
1059,0.1.1.0.0.1
1059,0.2.1.0.0.1
1059,0.2.1.0.0.2
1059,0.2.1.0.1.2
1059,0.2.1.0.2.2
1059,2.2.1.0.1.2
1059,2.2.1.1.1.2
1059,1.2.1.1.1.2
1059,1.2.1.3.1.2
1060,0.0.0.0.0.1
1060,0.0.1.0.0.1
1060,0.1.1.0.0.1
1060,1.1.1.0.0.1
1060,1.1.1.1.0.1
1061,0.0.1.0.0.0
1061,0.0.2.0.0.0
1061,0.0.2.0.0.1
1061,0.1.2.0.0.1
1061,1.1.2.0.0.1
1061,1.1.2.0.1.1
1061,2.1.2.0.1.1
1061,2.1.2.0.2.1
1061,3.1.2.0.2.1
1061,3.1.2.2.2.1
1062,0.0.0.0.0.1
1062,0.0.1.0.0.1
1062,0.0.1.0.0.2
1062,0.0.1.0.1.1
1062,0.0.1.1.1.1
1062,0.1.1.1.1.1
1062,1.1.1.1.1.1
1062,1.1.1.1.1.2
1062,2.1.1.1.1.2
1062,2.1.1.1.2.2
1062,2.1.2.1.2.2
1062,2.1.3.1.2.2
1062,3.1.3.1.2.2
1062,3.1.3.1.2.1
1062,3.1.3.1.1.2
1062,3.1.3.1.0.2
1063,0.0.0.1.0.0
1063,0.1.0.1.0.0
1063,0.2.0.1.0.0
1063,0.2.0.1.1.0
1063,0.6.0.1.2.0
1063,0.6.0.1.2.1
1063,1.6.0.1.2.1
1063,1.6.2.1.6.1
1063,1.6.2.1.5.1
1063,1.6.2.1.1.1
1063,1.2.2.1.1.1
1063,1.6.2.1.2.1
1063,1.6.1.1.2.1
1063,1.6.1.3.2.1
1063,1.6.2.3.2.1
1063,1.6.3.3.2.1
1063,1.6.3.2.2.1
1063,1.6.3.1.2.1
1063,1.6.3.0.0.1
1064,0.0.1.0.0.0
1064,0.0.1.0.1.0
1064,0.0.1.1.1.0
1064,1.0.1.1.1.0
1064,1.1.1.1.1.0
1065,0.0.0.0.0.1
1066,0.1.0.0.0.0
1066,0.1.0.0.0.1
1066,0.2.0.0.0.1
1066,0.2.0.1.0.1
1066,1.2.0.1.0.1
1066,1.1.0.1.0.1
1066,2.1.0.1.0.1
1066,6.2.0.1.0.1
1066,6.1.0.1.0.1
1066,6.2.1.1.0.1
1066,6.2.1.1.2.1
1066,6.1.1.1.2.1
1066,6.2.1.1.1.1
1066,6.6.2.1.2.1
1066,6.6.2.1.2.2
1066,6.2.6.1.2.2
1066,6.2.1.1.2.2
1066,6.1.1.1.2.2
1066,6.1.2.1.2.2
1066,6.1.2.1.2.1
1066,6.2.2.1.2.1
1066,6.2.2.1.2.2
1067,0.0.0.0.0.1
1067,0.0.0.0.1.1
1067,0.0.0.1.1.1
1067,1.0.0.1.1.1
1067,1.0.1.1.1.1
1067,1.1.1.1.1.1
1068,0.0.0.0.0.1
1068,0.0.0.0.0.2
1068,0.1.0.0.0.2
1068,0.1.0.0.0.1
1068,0.1.0.1.0.1
1068,0.1.0.1.0.2
1068,0.1.1.1.0.2
1068,0.2.1.1.0.2
1068,0.2.2.1.0.2
1068,0.2.2.1.1.2
1068,1.2.2.1.1.2
1069,0.0.0.0.1.0
1069,0.0.0.0.1.1
1069,0.0.0.0.2.1
1069,0.0.1.0.2.1
1069,0.0.1.1.2.1
1069,1.0.1.1.2.1
1069,1.1.1.1.2.1
1069,1.1.1.1.1.1
1070,0.0.0.0.0.1
1070,0.1.0.0.0.1
1070,0.1.1.0.0.1
1070,0.1.1.0.1.1
1070,0.1.1.1.1.1
1070,1.1.1.1.1.1
1070,1.1.2.1.1.1
1070,1.2.2.1.1.1
1070,1.2.2.2.1.1
1070,2.2.2.2.1.1
1070,2.1.2.2.1.1
1070,2.2.1.2.1.1
1071,1.0.0.0.0.0
1071,1.1.0.0.0.0
1071,1.1.0.1.0.0
1071,1.1.1.1.0.0
1071,1.1.1.1.0.3
1072,0.0.0.1.0.0
1072,0.0.0.2.0.0
1072,0.0.0.1.1.0
1072,0.0.2.1.1.0
1072,0.0.6.1.2.0
1072,0.0.2.1.2.0
1072,1.0.2.1.1.0
1072,2.0.2.1.1.0
1072,2.1.2.1.1.0
1072,2.1.2.2.1.0
1072,2.1.6.2.2.0
1072,2.1.2.2.2.0
1072,2.1.2.2.1.1
1072,1.1.2.2.1.1
1072,2.1.1.2.1.1
1073,0.0.1.0.0.0
1073,0.0.1.0.1.0
1073,1.0.1.0.1.0
1073,1.1.1.0.1.0
1073,1.1.1.1.1.0
1073,1.1.1.1.1.1
1074,0.1.0.0.0.0
1074,0.1.0.0.1.0
1074,0.1.1.0.1.0
1074,0.1.1.0.1.1
1074,0.1.1.0.2.1
1074,0.1.2.0.2.1
1074,0.1.2.1.2.1
1074,0.1.2.2.2.1
1074,0.1.2.1.2.2
1074,0.1.2.2.2.2
1075,2.0.0.0.0.0
1075,2.1.0.0.0.0
1075,2.1.1.0.0.0
1075,1.1.1.0.0.0
1075,2.1.1.0.1.0
1075,2.1.1.0.2.0
1075,2.1.1.1.2.0
1075,2.1.1.1.2.1
1075,2.2.1.1.2.1
1075,2.1.1.1.1.1
1075,2.2.1.1.1.1
1075,1.2.1.1.1.1
1076,1.0.0.0.0.0
1076,1.1.0.0.0.0
1076,1.1.0.0.1.0
1076,1.1.0.1.1.0
1076,1.1.0.1.1.1
1076,1.1.1.1.1.1
1076,2.1.1.1.1.1
1076,2.2.1.1.1.1
1077,0.0.0.0.1.0
1077,1.0.0.0.1.0
1077,1.0.0.1.1.0
1077,1.0.1.1.1.0
1077,1.0.1.1.1.1
1077,1.1.1.1.1.1
1077,1.1.1.2.1.1
1077,2.1.1.2.1.1
1077,2.2.1.2.1.1
1077,2.6.1.2.1.1
1077,2.5.1.2.1.1
1077,2.2.1.2.2.1
1077,2.2.1.2.2.2
1077,2.2.1.2.1.2
1077,2.1.1.2.2.2
1079,0.0.0.0.0.1
1079,0.0.0.0.1.1
1080,0.0.0.2.0.0
1080,0.0.0.2.0.1
1080,0.0.1.2.0.1
1080,1.0.1.2.0.1
1080,1.1.1.2.0.1
1080,1.1.1.2.1.1
1080,2.1.1.2.1.1
1081,1.0.0.0.0.0
1081,1.0.0.1.0.0
1081,1.0.1.1.0.0
1083,0.0.0.0.1.0
1083,0.0.1.0.1.0
1083,1.0.1.0.1.0
1083,1.0.1.1.1.0
1083,1.1.1.1.1.0
1083,2.1.1.1.1.0
1083,2.1.1.1.1.1
1083,2.1.1.1.1.2
1083,2.1.1.2.1.2
1083,2.1.1.3.1.2
1084,0.0.1.0.0.0
1084,0.1.1.0.0.0
1084,1.1.1.0.0.0
1084,1.1.1.1.0.0
1084,1.1.1.1.0.1
1084,1.1.2.1.0.1
1084,1.2.2.1.0.1
1084,1.2.2.1.1.1
1084,1.2.1.1.1.1
1085,0.0.1.0.0.0
1085,1.0.1.0.0.0
1085,1.0.1.1.0.0
1085,1.0.1.1.1.0
1085,1.1.1.1.1.0
1085,1.1.1.1.1.1
1086,0.0.1.0.0.0
1086,1.0.1.0.0.0
1086,1.0.1.0.1.0
1086,1.0.1.1.1.0
1086,1.0.1.1.1.1
1086,1.1.1.1.1.1
1086,1.1.1.1.2.1
1086,1.1.1.1.2.2
1086,1.1.1.2.2.2
1086,2.1.1.2.2.2
1086,2.2.1.2.2.2
1088,0.0.1.0.0.0
1088,0.0.1.0.1.0
1088,0.1.1.0.1.0
1088,0.1.2.0.1.0
1088,0.1.2.1.1.0
1088,1.1.2.1.1.0
1088,2.1.2.1.1.0
1088,2.1.2.1.2.0
1088,2.1.2.2.2.0
1088,1.1.2.2.2.0
1088,1.1.1.2.2.0
1088,1.1.1.1.2.0
1088,1.1.1.1.2.1
1088,2.1.1.1.2.1
1088,2.1.2.1.2.1
1089,0.0.0.1.0.0
1089,1.0.0.1.0.0
1089,1.1.0.1.0.0
1089,1.1.0.1.0.1
1089,1.1.0.1.0.2
1089,1.1.1.1.0.2
1089,1.1.1.1.1.2
1089,1.1.1.1.1.1
1089,1.1.1.2.1.2
1089,1.1.1.2.1.1
1090,0.1.0.0.0.0
1090,0.1.0.0.0.1
1090,0.1.0.1.0.1
1090,0.1.0.2.0.1
1090,0.1.1.2.0.1
1090,1.1.1.2.0.1
1090,1.1.2.2.0.1
1091,0.0.2.0.0.0
1091,1.0.2.0.0.0
1091,1.0.3.0.0.0
1091,1.0.3.0.1.0
1091,1.0.3.0.2.0
1091,1.1.3.0.2.0
1091,1.1.3.0.2.1
1091,1.1.3.1.2.1
1091,1.1.4.1.2.1
1091,1.1.4.1.2.2
1092,0.0.0.0.0.1
1092,0.0.0.1.0.1
1092,0.0.0.1.0.2
1092,0.0.1.1.0.2
1092,0.0.2.1.0.2
1092,0.0.6.1.0.2
1092,0.1.6.1.0.2
1092,0.2.6.1.0.2
1092,0.2.6.1.1.2
1092,0.2.6.1.2.2
1092,2.2.6.1.1.2
1092,2.1.6.1.1.2
1092,2.2.6.1.1.1
1093,0.0.0.0.0.1
1093,0.0.0.0.0.2
1093,0.1.0.0.0.2
1093,0.1.0.1.0.2
1093,0.1.0.1.2.2
1093,1.1.0.1.2.2
1093,1.1.1.1.2.2
1093,2.1.1.1.2.2
1094,0.0.0.0.0.1
1094,0.1.0.0.0.1
1094,0.1.0.0.1.1
1094,0.1.0.0.2.1
1094,0.1.0.1.2.1
1094,0.1.0.2.2.1
1094,1.1.0.2.2.1
1094,1.1.1.2.2.1
1094,2.1.1.2.2.1
1094,2.1.1.2.1.1
1094,2.1.1.2.3.1
1094,2.1.1.1.3.1
1095,1.0.0.0.0.0
1095,1.1.0.0.0.0
1095,1.1.1.0.0.0
1095,1.1.1.1.0.0
1095,1.1.1.1.0.1
1095,1.1.1.1.1.1
1095,1.1.1.1.2.1
1095,2.1.1.1.2.1
1095,2.2.1.1.2.1
1095,1.2.1.1.2.1
1096,1.0.0.0.0.0
1096,2.0.0.0.0.0
1096,2.0.0.0.1.0
1096,2.0.1.0.1.0
1096,2.0.1.1.1.0
1096,2.0.1.2.1.0
1096,2.1.1.2.1.0
1096,1.1.1.2.1.0
1096,2.1.1.2.2.0
1096,2.1.1.1.2.0
1097,0.0.1.0.0.0
1097,0.0.1.0.1.0
1097,1.0.1.0.1.0
1097,1.0.1.1.1.0
1097,1.0.1.1.1.1
1097,1.0.1.1.2.1
1097,1.0.1.2.6.1
1097,1.1.1.2.6.1
1097,1.1.1.6.2.1
1097,1.1.2.6.2.1
1097,1.1.3.6.2.1
1097,2.1.3.6.2.1
1098,0.0.0.1.0.0
1098,0.0.0.2.0.0
1098,0.0.0.2.1.0
1098,1.0.0.2.1.0
1098,1.0.1.2.1.0
1098,1.1.1.2.1.0
1098,1.1.2.2.1.0
1098,1.1.2.2.1.1
1098,1.1.2.2.1.2
1098,1.2.2.2.1.6
1098,1.2.2.2.1.5
1098,1.2.2.2.1.2
1098,1.2.2.2.2.6
1098,1.2.2.3.2.6
1098,1.2.2.3.2.1
1100,1.0.0.0.0.0
1100,1.0.1.0.0.0
1100,1.1.1.0.0.0
1100,1.1.1.0.1.0
1100,1.1.1.0.1.1
1100,1.1.1.1.1.1
1101,1.0.0.0.0.0
1101,1.0.2.0.0.0
1101,1.0.2.0.1.0
1101,1.0.2.0.1.1
1102,0.1.0.0.0.0
1102,1.1.0.0.0.0
1102,1.1.1.0.0.0
1102,1.1.1.0.1.0
1102,1.1.1.1.1.0
1102,2.1.1.1.1.0
1102,2.2.1.1.1.0
1102,2.6.2.1.1.0
1102,2.6.2.1.1.1
1102,2.6.2.2.1.1
1103,0.0.0.1.0.0
1103,1.0.0.1.0.0
1103,1.0.1.1.0.0
1103,1.0.1.1.1.0
1103,1.1.1.1.1.0
1103,1.1.1.1.1.1
1103,1.2.1.1.1.1
1103,1.2.2.1.1.1
1103,1.2.6.1.2.1
1103,1.2.1.1.2.1
1103,1.2.1.1.1.2
1103,1.2.1.1.2.2
1103,1.2.1.1.6.2
1103,1.2.1.1.2.6
1104,1.0.0.0.0.0
1104,1.0.0.0.1.0
1104,1.0.0.1.1.0
1104,1.1.0.1.1.0
1104,1.1.0.1.1.1
1104,1.1.1.1.1.1
1104,1.1.1.1.1.2
1104,1.1.1.1.2.2
1104,1.1.2.1.2.2
1104,2.1.2.1.2.2
1104,2.1.1.1.2.2
1105,0.0.2.0.0.0
1105,1.0.2.0.0.0
1105,1.0.2.1.0.0
1105,2.0.2.1.0.0
1105,2.1.2.1.0.0
1105,6.2.2.1.0.0
1105,6.2.1.1.0.0
1105,5.2.2.1.0.0
1105,1.2.2.1.0.0
1105,2.2.2.1.0.0
1105,2.2.2.1.1.0
1105,6.2.2.1.1.0
1105,6.2.2.2.1.0
1105,6.2.2.4.1.0
1105,2.6.2.4.1.0
1105,6.2.2.4.1.1
1107,0.0.0.0.1.0
1107,0.0.1.0.1.0
1107,1.0.1.0.1.0
1107,1.0.1.1.1.0
1107,1.0.1.1.2.0
1107,2.0.1.1.1.0
1107,2.0.1.1.2.0
1107,2.0.1.1.6.0
1107,6.0.1.1.2.0
1107,1.2.1.1.2.0
1107,1.2.1.1.1.0
1107,1.2.1.1.1.2
1107,1.2.2.1.1.2
1107,1.2.2.1.1.1
1107,1.1.2.1.1.2
1107,1.1.2.1.1.1
1108,0.0.1.0.0.0
1108,0.0.1.0.1.0
1108,0.0.1.0.1.1
1108,0.0.1.0.2.1
1108,0.0.2.0.2.1
1108,1.0.2.0.2.1
1108,1.1.2.0.2.1
1108,1.1.2.1.2.1
1108,1.1.2.1.1.1
1108,2.1.2.1.1.1
1108,2.1.2.1.2.1
1108,2.1.2.1.6.2
1108,2.1.2.2.6.2
1108,2.1.2.2.2.6
1109,0.0.0.0.0.1
1109,0.0.0.0.0.2
1109,0.0.1.0.0.2
1109,0.1.1.0.0.2
1109,0.2.1.0.0.2
1109,0.6.2.0.0.2
1109,0.5.2.0.0.2
1109,0.5.1.0.0.2
1109,1.1.1.0.0.2
1109,1.1.1.1.0.2
1109,1.1.2.1.0.2
1109,2.1.1.1.0.2
1109,2.1.1.1.1.2
1109,2.1.1.2.1.2
1109,2.1.2.2.1.2
1109,2.2.2.2.1.2
1109,1.2.2.2.1.2
1109,1.3.2.2.1.2
1109,1.3.2.2.2.2
1109,2.3.2.2.2.2
1109,2.3.1.2.2.2
1109,2.3.1.1.2.2
1109,2.2.1.1.2.2
1109,1.2.1.1.2.2
1109,1.2.1.2.2.2
1110,1.0.0.0.0.0
1110,1.0.0.0.0.1
1110,1.0.0.0.1.1
1110,1.0.1.0.1.1
1110,1.0.2.0.1.1
1110,1.0.2.1.1.1
1110,1.1.2.1.1.1
1110,2.1.2.1.1.1
1110,1.1.1.1.1.1
1111,0.0.1.0.0.0
1111,0.1.1.0.0.0
1111,1.1.1.0.0.0
1111,2.1.1.0.0.0
1111,2.1.1.0.0.1
1111,2.1.1.1.0.1
1111,2.1.1.1.1.1
1111,1.1.1.1.1.1
1111,1.1.1.2.1.1
1111,2.1.1.2.1.1
1111,6.1.1.2.1.1
1111,6.1.2.2.1.1
1112,0.0.0.0.1.0
1112,0.0.1.0.1.0
1112,1.0.1.0.1.0
1112,1.0.1.1.1.0
1112,1.0.1.1.1.1
1112,1.1.1.1.1.1
1113,0.0.0.0.0.1
1113,0.0.0.0.0.2
1113,0.0.1.0.0.2
1113,0.0.2.0.0.6
1113,0.1.2.0.0.6
1113,0.2.2.0.0.6
1113,1.2.2.0.0.6
1113,1.2.2.0.4.6
1113,1.2.2.1.4.6
1114,0.0.0.1.0.0
1114,0.0.0.1.0.1
1114,1.0.0.1.0.1
1114,1.0.1.1.0.1
1114,1.0.1.1.1.1
1114,1.1.1.1.1.1
1115,0.0.1.0.0.0
1115,0.0.2.0.0.0
1115,0.0.2.0.1.0
1115,0.0.2.0.2.0
1115,1.0.2.0.2.0
1115,2.0.2.0.2.0
1115,2.2.2.0.2.0
1115,2.1.2.0.2.0
1115,2.2.2.1.2.0
1115,2.2.2.1.2.1
1115,2.2.2.2.2.1
1115,2.2.1.2.2.1
1116,0.0.1.0.0.0
1116,1.0.1.0.0.0
1116,1.1.1.0.0.0
1116,1.1.1.0.1.0
1116,1.1.1.0.1.1
1116,1.1.1.1.1.1
1116,1.1.1.1.1.2
1116,1.1.1.1.1.3
1116,2.1.1.1.1.3
1116,2.2.1.1.1.3
1116,2.6.2.1.1.3
1116,2.6.1.1.1.3
1116,2.6.1.1.1.1
1117,0.1.0.0.0.0
1117,0.1.0.0.0.1
1117,0.1.1.0.0.1
1117,0.1.1.1.0.1
1117,1.1.1.1.0.1
1117,1.1.2.1.0.1
1117,1.1.3.1.0.1
1117,1.1.4.1.0.1
1118,0.1.0.0.0.0
1118,0.1.0.1.0.0
1118,0.1.0.1.0.1
1118,0.1.1.1.0.1
1118,1.1.1.1.0.1
1118,1.1.1.1.1.1
1118,1.2.1.1.1.1
1118,1.2.1.1.2.1
1118,1.2.1.1.5.1
1118,1.2.1.2.5.1
1118,1.2.1.2.2.1
1118,2.2.1.2.2.1
1118,2.2.1.1.2.1
1119,0.0.1.0.0.0
1119,0.1.1.0.0.0
1119,1.1.1.0.0.0
1119,1.1.1.1.0.0
1119,1.1.1.1.0.1
1119,1.1.1.1.1.1
1119,1.2.1.1.1.1
1119,1.6.2.1.1.1
1119,2.6.2.1.1.1
1119,2.6.2.1.1.2
1119,2.6.2.1.2.2
1119,2.2.6.1.2.2
1119,2.2.7.1.2.2
1120,0.0.1.0.0.0
1120,1.0.1.0.0.0
1120,1.1.1.0.0.0
1120,1.1.1.0.1.0
1120,6.2.1.0.1.0
1120,6.2.1.0.1.1
1120,6.2.1.0.1.2
1120,6.2.1.1.1.2
1120,6.2.1.2.1.2
1120,2.2.1.2.1.2
1121,0.0.0.0.1.0
1121,0.0.1.0.1.0
1121,0.0.1.0.1.1
1121,0.0.1.0.2.1
1121,0.0.1.0.2.6
1121,0.0.2.0.2.6
1121,0.1.2.0.2.6
1121,1.1.2.0.2.6
1121,1.1.2.1.2.6
1121,1.1.2.2.2.6
1122,1.0.0.0.0.0
1122,1.0.0.0.0.1
1122,1.0.1.0.0.1
1122,1.0.1.1.0.1
1122,1.1.1.1.0.1
1122,1.1.1.1.1.1
1124,0.0.0.0.1.0
1124,1.0.0.0.1.0
1124,1.0.1.0.1.0
1124,1.0.1.0.1.1
1124,1.0.1.1.1.1
1124,1.1.1.1.1.1
1124,1.1.1.2.1.1
1124,1.1.1.2.2.1
1124,1.1.1.2.2.2
1124,1.2.1.2.2.2
1124,1.2.1.2.2.1
1125,0.0.0.2.0.0
1125,0.0.0.1.0.0
1125,0.0.0.1.1.0
1125,0.0.0.2.1.0
1125,0.0.0.2.1.2
1125,0.0.1.2.1.2
1125,0.0.2.2.1.2
1125,1.0.2.2.1.2
1125,1.1.2.2.1.2
1125,1.1.2.2.1.1
1125,1.1.2.1.1.1
1125,1.1.2.1.1.2
1125,1.1.2.1.2.2
1126,1.0.0.0.0.0
1126,1.0.0.0.1.0
1126,1.1.0.0.1.0
1126,1.1.0.1.1.0
1126,1.1.0.1.1.1
1126,1.1.0.2.1.1
1126,1.1.1.2.1.1
1126,2.1.1.2.1.1
1126,2.2.1.2.1.1
1127,0.0.0.0.1.0
1127,0.0.0.0.1.1
1127,0.0.1.0.1.1
1127,0.1.1.0.1.1
1127,1.1.1.0.1.1
1127,1.2.1.0.1.1
1127,1.3.1.0.1.1
1127,2.3.1.0.1.1
1127,3.3.1.0.1.1
1127,4.3.1.0.1.1
1128,1.0.0.0.0.0
1128,1.0.0.1.0.0
1128,1.0.1.1.0.0
1128,1.0.1.1.1.0
1128,1.0.1.1.1.1
1128,1.1.1.1.1.1
1128,1.1.1.1.1.2
1128,1.1.1.1.2.2
1128,1.1.1.1.3.2
1128,1.1.1.2.3.2
1129,0.1.0.0.0.0
1129,0.1.0.0.1.0
1129,0.1.0.1.1.0
1129,0.1.1.1.1.0
1129,1.1.1.1.1.0
1130,0.0.0.0.1.0
1130,0.0.1.0.1.0
1130,1.0.1.0.1.0
1130,1.1.1.0.1.0
1130,1.1.1.1.1.0
1130,1.1.1.1.1.1
1130,1.2.1.1.1.1
1130,1.2.1.2.1.1
1131,0.0.1.0.0.0
1131,0.0.1.1.0.0
1131,1.0.1.1.0.0
1131,1.0.1.1.1.0
1131,1.0.1.1.1.1
1131,1.1.1.1.1.1
1132,0.0.0.1.0.0
1132,0.0.0.1.1.0
1132,0.0.0.1.1.1
1132,2.0.0.1.1.1
1132,2.0.1.1.1.1
1132,2.1.1.1.1.1
1132,2.1.1.1.2.1
1132,2.1.1.1.3.1
1132,2.1.2.1.3.1
1132,2.1.2.2.3.1
1132,2.1.1.2.3.1